"id", "name", "name_code", "homepage"
"1", "0x2A Datacenter", "0x2a_datacenter", "http://0x2a.com.ua/"
"2", "1 Gbits", "1gbits", "https://1gbits.com/"
"3", "1&1 Internet", "1and1_internet", "http://www.1and1.com/"
"4", "1-800-Hosting", "1-800-hosting", "http://www.800hosting.com/"
"5", "1000dedi.net", "1000dedi", "http://www.1000dedi.net/"
"6", "180Servers", "180servers", "http://www.180servers.com/"
"7", "1blu.de", "1blu_de", "http://www.1blu.de/"
"8", "21vianet", "21vianet", "http://www.21vianet.com/"
"9", "23Media", "23media", "http://www.23media.eu/"
"10", "23VNet KFT", "23vnet_kft", "http://hostit.hu/"
"11", "2dayhost.com", "2dayhost-com", "http://www.2dayhost.com/"
"12", "31173 Services Ab", "31173", "http://www.31173.se/"
"13", "34Sp.com Ltd.", "34sp-com-ltd", "https://www.34sp.com/"
"14", "3NT Solutions LLP", "3nt_solutions", "http://3nt.com/"
"15", "3W Infra", "3winfra", "http://3winfra.com/"
"16", "4D Data Centres Ltd.", "4d-dc", "http://www.4d-dc.com/"
"17", "4rweb.com", "4rweb-com", "http://4rweb.com/"
"18", "A Small Orange, LLC.", "asmallorange", "https://asmallorange.com/"
"19", "A2 Hosting", "a2_hosting", "http://www.a2hosting.com/"
"20", "abdicar.com", "abdicar-com", "http://abdicar.com/"
"21", "AccelerateBiz Inc.", "acceleratebiz_inc", "http://www.acceleratebiz.com/"
"22", "accelerated.de", "accelerated-de", "http://accelerated.de/"
"23", "Acenet", "acenet", "http://www.ace-host.net/"
"24", "acens Technologies", "acens_technologies", "http://www.acens.com/"
"25", "ActiveHost", "activehost", "http://www.activehost.com/"
"26", "ActiveWebs A/S", "activewebs", "http://www.activewebs.dk/"
"27", "Adix BV", "adix_bv", "https://www.adix.nl/"
"28", "Adman", "adman", "https://adman.com/"
"29", "AdvancedHosters", "advancedhosters", "https://advancedhosters.com/"
"30", "Advania", "advania", "https://www.advania.is/"
"31", "Afrihost (Pty) Ltd", "afrihost_com", "https://www.afrihost.com/"
"32", "Agava Jsc", "agava_jsc", "http://agava.ru/"
"33", "AiNET", "ainet", "http://www.ai.net/"
"34", "Airnet", "airnet", "http://smartechcorp.net/"
"35", "AIT", "ait", "https://www.ait.com/"
"36", "Akamai Technologies, Inc.", "akamai", "https://www.akamai.com/"
"37", "Alfahosting", "alfahosting", "http://alfahosting.de/"
"38", "Alibaba Cloud", "alicloud", "https://www.alibabacloud.com/"
"39", "Alibaba Host", "alibaba_host", "https://alibabahost.com/"
"40", "ALL-INKL.COM", "all-inkl_com", "http://all-inkl.com/"
"41", "AllHostShop.com", "allhostshop-com", "http://www.allhostshop.com/"
"42", "Alma", "alma", "http://almahost.ir/"
"43", "AlmourolTec, Lda", "almouroltec", "https://ptisp.pt/"
"44", "AlniTech", "alnitech", "https://alnitech.com/"
"45", "Alpha Mega Hosting", "alpha_mega_hosting", "http://www.alphamegahosting.com/"
"46", "AltusHost", "altushost", "http://www.altushost.com/"
"47", "Alvotech Netherlands", "alvotech_netherlands", "http://www.alvotech.de/"
"48", "Amanah Tech Inc", "amanah", "https://www.amanah.com/"
"49", "Amazon AWS", "amazon_aws", "https://aws.amazon.com/"
"50", "American Internet Services", "american_internet_services", "http://americanis.net/"
"51", "amerinoc", "amerinoc", "https://www.amerinoc.com/"
"52", "Amsio B.V.", "amsio", "https://www.amsio.com/"
"53", "ANEXIA Internetdienstleistungs GmbH", "anexia", "https://www.anexia-it.com/"
"54", "Angel Hosting", "angel_hosting", "http://www.angel-hosting.cz/"
"55", "Anonymous S.A", "anonymouse_sa", "http://anonymouse.org/"
"56", "Apexhost", "apexhost", "http://www.apexhost.com.au/"
"57", "Apollon", "apollon", "http://apollon-hosting.ru/"
"58", "Apple Inc.", "apple", "http://www.apple.com/"
"59", "Applied Operations", "applied_operations", "http://www.appliedops.net/"
"60", "APYL Inc.", "apyl", "http://www.apyl.com/"
"61", "Aqua Ray SAS", "aquaray", "http://www.aquaray.fr/"
"62", "Ardis Russia", "ardis_russia", "https://ardis.ru/"
"63", "Ares Hosting", "ares_hosting", "http://areshosting.com/"
"64", "argeweb", "argeweb", "http://www.argeweb.nl/"
"65", "Argon Data Communication", "argon_data_communication", "http://easyway.co.id"
"66", "Arsys internet S.L.", "Arsys internet", "https://www.arsys.es/"
"67", "Aruba S.p.a", "aruba", "https://www.aruba.it/"
"68", "Arvixe", "arvixe", "http://www.arvixe.com/"
"69", "Asia Server Host", "asiaserverhost", "http://www.asiaserverhost.com/"
"70", "Astute Hosting Inc.", "astutehosting", "http://astutehosting.com/"
"71", "Astutium Ltd", "astutium_ltd", "http://www.astutium.com/"
"72", "Atjeu Publishing LLC", "atjeu_com", "http://www.atjeu.com/"
"73", "Atlantic.Net", "atlantic_net", "https://www.atlantic.net/"
"74", "ATM S.A.", "atman_pl", "http://www.atman.pl/"
"75", "Atomohost", "atomohost", "http://www.atomohost.com/"
"76", "Automattic, Inc.", "automattic", "https://automattic.com/"
"77", "availo.no", "availo-no", "http://www.availo.no/"
"78", "avantehosting.net", "avantehosting-net", "https://avantehosting.net/"
"79", "AVAST", "avast", "https://www.avast.com/"
"80", "Avguro Technologies Ltd", "avguro_ru", "http://www.avguro.ru/"
"81", "AVIA Consulting, Inc", "avia_consulting_inc", "http://www.aviaweb.net/"
"82", "awknet", "awknet", "http://awknet.com/"
"83", "Azar-A", "azar-a", "http://azar-a.net/"
"84", "B2 NET Solutions", "b2_net_solutions", "http://www.servermania.com/"
"85", "Baidu Inc.", "baidu", "http://www.baidu.com/"
"86", "basefarm.com", "basefarm-com", "http://basefarm.com/"
"87", "BeGet Ltd", "beget_ltd", "https://beget.com/"
"88", "Behostings.be", "behostings_be", "http://www.behostings.be/"
"89", "BelCloud Hosting Corporation", "belcloud", "https://www.belcloud.net/"
"90", "best-hosting.ro", "best-hosting-ro", "http://best-hosting.ro/"
"91", "Bhost Inc.", "bhost_inc", "https://www.bhost.net/"
"92", "Birbir İnternet Hizmetleri", "birbir_internet_hizmetleri", "http://www.birbir.net.tr/"
"93", "Biznes-Host.pl", "biznes-host-pl", "https://biznes-host.pl/"
"94", "BlackMesh", "blackmesh", "http://www.blackmesh.com/"
"95", "BlazingFast", "blazingfast", "https://blazingfast.io/"
"96", "Blix Solutions", "blix_solutions", "http://blixsolutions.no/"
"97", "Blue Mile", "blue_mile", "http://bluemilecloud.com/"
"98", "BlueConnex", "blueconnex", "http://www.simplytransit.net/"
"99", "Bluehost Inc.", "bluehost", "https://www.bluehost.com/"
"100", "BODHost", "bodhost", "http://bodhost.com/"
"101", "Bradler & Krantz GmbH & Co KG", "providerdienste", "https://www.providerdienste.de/"
"102", "Breezle LLC", "breezle_llc", "https://www.breezle.net/"
"103", "Brinkster Communications Corp.", "brinkster", "http://www.brinkster.com/"
"104", "Broadriver Inc.", "broadriver_inc", "http://www.broadriver.com/"
"105", "BSB Service GmbH", "synserver_de", "http://www.synserver.de/"
"106", "BSO Network Inc.", "bsonetwork", "https://www.bsonetwork.com/"
"107", "budgetbytes", "budgetbytes", "https://www.budgetbytes.nl/"
"108", "BurstNET", "burstnet", "http://burst.net/"
"109", "buyvm.net", "buyvm-net", "http://buyvm.net/?from=frantech"
"110", "Bytemark Limited", "bytemark_ltd", "https://www.bytemark.co.uk/"
"111", "calPOP", "calpop", "http://calpop.com/"
"112", "Canaca-com Inc.", "canaca-com_inc", "http://canaca.com"
"113", "Canada Web Hosting", "canada_web_hosting", "http://www.canadawebhosting.com/"
"114", "Carat Networks", "carat_networks", "http://www.caratnetworks.com/"
"115", "Caravan Aero", "Caravan_aero", "http://www.caravan.ru/aero/"
"116", "cari.net", "cari-net", "http://cari.net/"
"117", "Caronet", "caronet", "https://www.caro.net/"
"118", "CASABLANCA INT s.r.o.", "casablanca_int", "https://www.casablanca.cz/"
"119", "Castlegem Ltd.", "castlegem", "http://www.castlegem.co.uk/"
"120", "CAT data center", "cat_datacenter", "http://www.idc.cattelecom.com/"
"121", "CCPG Solutions", "ccpg_solutions", "http://ccpg.co.uk/"
"122", "Centrilogic, Inc", "centrilogic_inc", "http://www.centrilogic.com/"
"123", "CEU Servers", "ceu_servers", "http://ceuservers.net/"
"124", "Ch-center", "ch-center", "http://www.ch-center.com/"
"125", "Choopa, LLC.", "choopa", "https://www.choopa.com/"
"126", "Ciberconceito", "ciberconceito", "https://www.ciberconceito.com/"
"127", "CINIPAC", "cinipac", "http://cinipac.com/"
"128", "Cirrus Tech Ltd", "cirrus_tech_ltd", "http://www.cirrushosting.com/"
"129", "City Lifeline Data Centre", "city-lifeline", "http://www.city-lifeline.co.uk/"
"130", "Claranet limited", "claranet", "https://www.claranet.com/"
"131", "Claus Web", "clausweb", "https://www.clausweb.ro/"
"132", "Cloud South", "cloudsouth", "http://www.cloudsouth.com/"
"133", "CLOUD-52 (KW Datacenter)", "cloud-52_kw_datacenter", "http://www.kwdatacentre.com/"
"134", "CloudFlare Inc", "cloudflare_inc", "https://www.cloudflare.com/"
"135", "Cloudinfrastack, s.r.o", "cloudinfrastack", "https://cloudevelops.com/"
"136", "CloudLix", "cloudlix", "http://www.duomenucentras.lt/"
"137", "CloudSigma", "cloudsigma", "https://www.cloudsigma.com/"
"138", "CloudVPS (XLS Hosting)", "cloudvps_com", "http://www.cloudvps.com/"
"139", "Cloudzilla Netherlands", "cloudzilla_netherlands", "http://cloudzilla.nl/"
"140", "co-location.com", "co-location-com", "http://co-location.com/"
"141", "Codero", "codero", "http://www.codero.com/"
"142", "Cogeco Peer 1", "peer_1", "https://www.cogecopeer1.com/"
"143", "colo4dallas.com", "colo4dallas-com", "http://colo4dallas.com/"
"144", "colo@", "colo@", "http://www.coloat.com/"
"145", "colocall.net", "colocall-net", "http://colocall.net/"
"146", "Colocation America Inc", "colocation_america_inc", "http://www.colocationamerica.com/"
"147", "Colocity Pty Ltd", "colocity", "http://www.colocity.com/"
"148", "Coloclue", "coloclue", "https://coloclue.net/"
"149", "ColoCrossing", "colocrossing", "https://www.colocrossing.com/"
"150", "Cologix, Inc.", "cologix", "http://www.cologix.com/"
"151", "Colomx Llc", "colomx_llc", "http://colo.mx/"
"152", "ColoStore", "colostore", "http://colostore.com/"
"153", "Combell", "combell", "http://www.combell.com/"
"154", "comfoplace.com", "comfoplace-com", "http://comfoplace.com/"
"155", "Comodo Group, Inc.", "comodo_group", "https://www.comodo.com/"
"156", "Comtrance Gmbh", "comtrance", "http://www.comtrance.net/"
"157", "comvive.com", "comvive-com", "https://www.comvive.es/"
"158", "Conetix", "conetix", "http://conetix.com.au/"
"159", "Confluence Networks Inc", "confluence_networks_inc", "http://confluence-networks.com/"
"160", "ConnectingBytes Gbmh", "connectingbytes_gbmh", "http://www.connectingbytes.de/"
"161", "Connectria", "connectria", "http://www.connectria.com/"
"162", "Contabo GmbH", "contabo_gmbh", "https://contabo.de/"
"163", "Contegix Llc.", "contegix", "http://www.contegix.com/"
"164", "Contel Ooo", "contell_ru", "http://www.contell.ru/"
"165", "Continuum Data Centers", "continuum_data_centers", "http://www.continuumdatacenters.com/"
"166", "Coolhousing.net", "coolhousing", "https://www.coolhousing.net/"
"167", "CoolVDS", "coolvds", "http://coolvds.com/"
"168", "CORE TECHNOLOGIES SERVICES, INC.", "coreitx", "http://www.coreitx.com/"
"169", "Core-Backbone GmbH", "core-backbone_gmbh", "http://www.core-backbone.com/"
"170", "CoreSpace,Inc.", "corespace", "https://corespace.com/"
"171", "corponetsa.net", "corponetsa-net", "http://www.corponetsa.net/"
"172", "crosspointcolo.co.uk", "crosspointcolo-co-uk", "http://crosspointcolo.co.uk/"
"173", "Crucial Paradigm Pty. Ltd", "crucial_paradigm", "http://www.crucialp.com/"
"174", "Crystone AB", "crystone", "https://www.crystone.se/"
"175", "CtrlS", "ctrls", "http://www.ctrls.in/"
"176", "CUSTODIAN DC Ltd", "custodiandc", "https://www.custodiandc.com/"
"177", "Cyberfuel", "cyberfuel", "https://www.cyberfuel.com/"
"178", "cybernetic-servers.co.uk", "cybernetic-servers-co-uk", "http://cybernetic-servers.co.uk/"
"179", "Cyberverse", "cyberverse", "http://www.cyberverse.com/"
"180", "cyberwurx.com", "cyberwurx-com", "https://cyberwurx.com/"
"181", "Cyquator", "cyquator", "http://cyquator.com/"
"182", "CyrusOne LLC", "cyrusone", "https://cyrusone.com/"
"183", "D-hosting Germany", "d-hosting_germany", "http://www.d-hosting.de/"
"184", "daha.net", "daha_net", "https://www.daha.net/"
"185", "DailyRazor", "dailyrazor", "http://www.dailyrazor.com/"
"186", "Daou Technology", "daou", "http://www.daouidc.com/"
"187", "Dassault Systèmes", "3ds_com", "http://www.3ds.com/"
"188", "Data 102", "data_102", "http://data102.com/"
"189", "Data Foundry", "data_foundry", "http://www.datafoundry.com/"
"190", "Data Shack", "data_shack", "https://www.datashack.net/"
"191", "Data Xata", "data_xata", "http://www.data-xata.com/"
"192", "data-centr.lv", "data-centr-lv", "http://vps-hosting.lv/"
"193", "data-xata.com", "data-xata-com", "http://www.data-xata.com/"
"194", "Database By Design, LLC", "database_by_design", "http://www.databasebydesignllc.com/"
"195", "DataCamp Limited", "datacamp", "http://datacamp.co.uk/"
"196", "DataCenter Finland Oy", "datacenter_fi", "https://www.datacenter.fi/"
"197", "Datacenter Luxembourg", "datacenter_luxembourg", "http://www.dclux.com/"
"198", "DataClub", "dataclub", "https://www.dataclub.biz/"
"199", "datahata.by", "datahata-by", "http://datahata.by/"
"200", "datahouse.nl", "datahouse-nl", "http://datahouse.nl/"
"201", "Datapipe", "datapipe", "http://www.datapipe.com/"
"202", "DataPlugs", "dataplugs", "http://www.dataplugs.com/"
"203", "Datapoint", "datapoint", "http://www.datapointinc.com/"
"204", "DATASIX GmbH", "datasix", "http://www.datasix.at/"
"205", "Datasoft Networks Inc.", "datasoft_networks", "http://datasoft.ws/"
"206", "Datasource Ag", "datasource", "http://www.datasource.ch/"
"207", "DataSpring s.r.o.", "dataspring_sro", "http://www.dataspring.cz/"
"208", "Datotel", "datotel", "http://www.datotel.com/"
"209", "DC WEST", "dcwest_net_au", "https://www.dcwest.net.au/"
"210", "Dc74, Llc", "dc74", "http://www.dc74.com/"
"211", "Ddos Protections Ltd", "antiddos", "https://antiddos.eu/"
"212", "Debesynas", "debesynas", "http://debesynas.com/"
"213", "Dedicated Servers", "dedicated_servers", "http://dedicatedservers.net.au/"
"214", "Dediserv", "dediserv", "http://www.dediserv.eu/"
"215", "dediserve Ltd", "dediserve_ltd", "https://dediserve.com/"
"216", "DediZULL", "dedizull", "http://www.dedizull.com/"
"217", "Delta Bulgaria", "delta_bulgaria", "http://delta.bg/"
"218", "Delta-X", "delta-x", "http://www.ukraine.com.ua/"
"219", "deltahost", "deltahost", "http://deltahost.com.ua/"
"220", "demos", "demos", "http://demos.ru/"
"221", "Deninet", "deninet", "https://www.deninet.hu/"
"222", "DepoDataCenter", "depo40", "http://www.depo40.ru/"
"223", "deziweb", "deziweb", "http://deziweb.com/"
"224", "dfw-datacenter.com", "dfw-datacenter-com", "http://dfw-datacenter.com/"
"225", "DHAP CENTER S.L. ", "dhap_center", "http://dhapcenter.es/"
"226", "DiaHosting", "diahosting", "https://www.diahosting.com/en/"
"227", "DigiCube", "digicube", "http://digicube.fr/"
"228", "Digirock, Inc", "digirock", "http://www.digi-rock.com/"
"229", "Digital Network JSC", "digital_network_jsc", "http://www.di-net.ru/"
"230", "Digital Ocean, Inc", "digitalocean", "https://www.digitalocean.com/"
"231", "Digital Pacific", "digital_pacific", "http://www.digitalpacific.com.au/"
"232", "DigitalOne AG", "digitalone_ag", "http://www.digitalone.com/"
"233", "DimeNOC", "dimenoc", "http://dimenoc.com/"
"234", "dinahosting", "dinahosting", "https://en.dinahosting.com/"
"235", "DirectSpace Networks", "directspace_networks", "http://www.directspace.net/"
"236", "DirectVPS", "directvps", "https://www.directvps.nl/"
"237", "DL HOST.", "dl_host", "https://www.dlhost.com/"
"238", "DME Hosting", "dme_hosting", "http://www.dmehosting.com/"
"239", "DNS Hosting", "dns_hosting", "http://www.dnshosting.it/"
"240", "Dogado Gmbh", "dogado_gmbh", "http://www.topnetworks.de/"
"241", "domainfactory GmbH", "domainfactory_gmbh", "https://www.df.eu/"
"242", "Dominios", "dominios", "https://www.dominios.pt/"
"243", "DONWEB (Dattatec.com SRL)", "dattatec_com", "http://donweb.com/"
"244", "dotster.com", "dotster-com", "http://www.dotster.com/"
"245", "DoubleGIS, LLC", "2gis", "http://2gis.com/"
"246", "Dream Line Holding", "dream_line_holding", "http://dream.net.ua/"
"247", "Dreamhost", "dreamhost", "http://www.dreamhost.com/"
"248", "DSRack", "dsrack", "http://dsrack.dk/"
"249", "Dunkel GmbH", "dunkel_de", "https://dunkel.de/"
"250", "Duocast", "duocast", "https://duocast.nl/"
"251", "E-Commerce Park N.V.", "e-commercepark-com", "http://e-commercepark.com/"
"252", "e.ventures", "e_ventues", "http://www.eventures.vc/"
"253", "e24cloud.com", "e24cloud_com", "http://www.e24cloud.com/"
"254", "EarthLink Cloud", "earthlink_cloud", "http://www.earthlinkcloud.com/"
"255", "EasyHost BVBA", "easyhost-be", "http://www.easyhost.be/"
"256", "EasyHost Solution Ltd", "easyhost-com-hk", "http://www.easyhost.com.hk/"
"257", "Easyspace Ltd", "easyspace", "https://www.easyspace.com/"
"258", "easyspeedy", "easyspeedy", "http://easyspeedy.com/"
"259", "EBOUNDHOST.com ADF", "eboundhost-com_adf", "http://eboundhost.com/"
"260", "Ecatel", "ecatel", "http://ecatel.net/"
"261", "Ecritel", "ecritel", "http://www.ecritel.fr/"
"262", "Edgewebhosting", "edgewebhosting", "http://www.edgewebhosting.net/"
"263", "EDIS GmbH", "edis", "http://www.edis.at/"
"264", "eHostIDC", "ehostidc", "http://www.ehostidc.co.kr"
"265", "eHostingUSA", "ehostingusa", "http://ehostingusa.com/"
"266", "Ekvia", "ekvia", "http://ekvia.com/"
"267", "elitehost", "elitehost", "http://elitehost.co.za/"
"268", "Elvsoft", "elvsoft", "http://www.elvsoft.com/"
"269", "Energy Group Networks", "energy_group_networks", "https://egihosting.com/"
"270", "eNovance", "enovance", "http://www.enovance.com/"
"271", "Enzu Inc.", "enzu_inc", "https://www.enzu.com/"
"272", "EpioHost", "epiohost", "http://epiohost.net/"
"273", "Equinix, Inc.", "equinix", "http://www.equinix.com/"
"274", "ERIX-COLO", "erix-colo", "http://www.rtcomm.ru/"
"275", "esds.co.in", "esds-co-in", "http://www.esds.co.in/"
"276", "eSecureData", "esecuredata", "https://www.esecuredata.com/"
"277", "eserver.ru", "eserver-ru", "http://www.eserver.ru/"
"278", "esited.com", "esited-com", "http://www.esited.com/"
"279", "EstroWeb", "estroweb", "http://www.estrowebservices.com/"
"280", "ethnohosting", "ethnohosting", "http://ethnohosting.com/"
"281", "ethr.net", "ethr-net", "http://ethr.net/"
"282", "eUKhost", "eukhost", "http://www.eukhost.com/"
"283", "eukhost.com", "eukhost-com", "http://eukhost.com/"
"284", "Eurobyte LLC", "eurobyte_ru", "https://eurobyte.ru/"
"285", "EuroVPS", "eurovps", "http://eurovps.com/"
"286", "evanzo e-commerce GmbH", "evanzo", "https://www.evanzo.de/"
"287", "everhost", "everhost", "http://everhost.co/"
"288", "EVERHOST S.R.L. ", "everhost-ro", "http://everhost.ro/"
"289", "EvoVPS", "evovps", "http://evovps.com/"
"290", "Evymo s.r.o.", "evymo_sro.", "http://www.evymo.cz/"
"291", "Exabytes", "exabytes", "http://exabytes.com/"
"292", "Excellent Hosting Sweden AB", "excellent_hosting_sweden_ab", "http://www.excellent-hosting.se/"
"293", "Exonet B.V.", "exonet", "https://www.exonet.nl/"
"294", "Experian plc", "experian_plc", "https://www.experianplc.com/"
"295", "Expro Sp. z o.o.", "expro_pl", "http://www.expro.pl/"
"296", "EZZI.net", "ezzi_net", "https://www.ezzi.net/"
"297", "Facebook, Inc.", "facebook", "https://www.facebook.com/"
"298", "Fast Serv Networks, LLC", "fastserv_com", "https://www.fastserv.com/"
"299", "Fasthosts Internet Ltd", "fasthosts_internet_ltd", "http://www.fasthosts.co.uk/"
"300", "Fastly, Inc.", "fastly_inc", "https://www.fastly.com/"
"301", "Fastmetrics", "fastmetrics", "http://fastmetrics.com/"
"302", "FASTVPS Eesti OÜ", "fastvps", "https://fastvps.ru/"
"303", "FDC Servers", "fdc_servers", "https://www.fdcservers.net/"
"304", "Fevvo, Inc.", "fevvo_inc", "http://fevvo.com/"
"305", "fiberhub.com", "fiberhub-com", "http://www.fiberhub.com/"
"306", "Fibermax", "fibermax", "http://fibermax.nl/"
"307", "FinalTek.com", "finaltek-com", "http://www.finaltek.com/"
"308", "Firehost", "firehost", "http://www.firehost.com/"
"309", "First Colo GmbH", "first_colo_gmbh", "https://www.first-colo.net/"
"310", "FirstVDS", "firstvds", "https://firstvds.ru/"
"311", "Flexwebhosting BV", "flexwebhosting-bv", "https://www.flexwebhosting.nl/"
"312", "FlokiNET", "flokinet", "https://www.flokinet.is/"
"313", "Flops", "flops", "https://flops.ru/"
"314", "Fork Networking, Inc.", "fork_networking_inc", "http://www.forked.net/"
"315", "Fornex Hosting S.l", "fornex", "https://fornex.com/"
"316", "Forta Trust", "forta_trust", "http://www.fortatrust.com/"
"317", "Fortress Integrated Technologies", "fortress_integrated_technologies", "http://fortressitx.com/"
"318", "Friend Hosting", "friendhosting", "https://friendhosting.net/"
"319", "FSdata", "fsdata", "http://fsdata.se/"
"320", "Fujitsu Cloud", "fujitsu", "http://www.fujitsu.com/"
"321", "Fusioned Ltd.", "fusioned_ltd", "https://www.fusioned.net/"
"322", "Future Hosting Inc", "future_hosting_inc", "http://vpsdatacenter.com/"
"323", "G-Hosting.cz", "gransy", "https://g-hosting.cz/"
"324", "galahost", "galahost", "http://galahost.net/"
"325", "Gandi SAS", "gandi-net", "https://www.gandi.net/"
"326", "GARMTECH LP.", "garmtech_lp", "http://www.garmtech.lv/"
"327", "Garrison Network Solutions LLC.", "garrisonhost", "http://www.garrisonhost.com/"
"328", "Gearhost", "gearhost", "http://www.gearhost.com/"
"329", "Geekion", "geekion", "http://geekion.com/"
"330", "GHOSTnet GmbH ", "ghostnet_gmbh", "http://www.ghostnet.de/"
"331", "Gigabit Hosting Sdn Bhd", "gigabit_hosting_sdn_bhd", "http://thegigabit.com/"
"332", "Gigahost ApS", "gigahost_aps", "https://gigahost.dk/en"
"333", "gigeNET", "gigenet", "http://www.gigenet.com/"
"334", "GINERNET SL", "ginernet", "https://ginernet.com/"
"335", "GINERNET SL", "ginernet_sl", "https://ginernet.com/"
"336", "Github, Inc", "github_com", "https://github.com/about"
"337", "GleSYS Internet Services AB", "glesys", "https://glesys.se/"
"338", "Global Layer B.V.", "global-layer", "http://www.global-layer.com/"
"339", "Global-e Datacenter B.V.", "global-e_datacenter_b-v", "http://www.global-datacenter.nl"
"340", "GloboTech Communications", "globotech_communications", "https://www.globo.tech/"
"341", "GMhost", "gmhost_ua", "https://gmhost.com.ua/"
"342", "Gmo Internet, Inc", "gmo_internet_inc", "https://www.gmo.jp/"
"343", "go4cloud", "go4cloud", "http://go4cloud.com/"
"344", "GoDaddy Operating Company, LLC.", "godaddy", "https://www.godaddy.com/"
"345", "GoGrid", "gogrid", "https://www.datapipe.com/gogrid/"
"346", "GoodNet", "goodnet", "http://goodnet.com.ua/"
"347", "Google sites", "google_sites", "http://sites.google.com/"
"348", "GoRack", "gorack", "http://www.gorack.net/"
"349", "gorack.net", "gorack-net", "http://gorack.net/"
"350", "Gorilla Servers", "gorilla_servers", "https://www.gorillaservers.com/"
"351", "Goscomb Technologies Ltd", "goscomb_ltd", "http://www.goscomb.net/"
"352", "Gossamer Threads Inc.", "gossamer-threads", "http://www.gossamer-threads.com/"
"353", "GPLHost", "gplhost", "https://www.gplhost.com/"
"354", "Greatnet.de GmbH", "greatnet_gmbh", "https://www.greatnet.de/"
"355", "Green House Data, Inc", "greenhousedata", "https://www.greenhousedata.com/"
"356", "Grid Telekom", "grid_telekom", "http://grid.com.tr/"
"357", "Gyron Internet Ltd", "gyron", "https://www.gyron.net/"
"358", "H1 Host", "h1_host", "https://www.h1host.ru/"
"359", "h4hosting.eu", "h4hosting-eu", "http://h4hosting.eu/"
"360", "Hatteland", "hatteland", "http://hatteland.com/"
"361", "Heart Internet", "heart_internet", "https://www.heartinternet.uk/"
"362", "HEKKO.PL", "hekko_pl", "https://www.hekko.pl/"
"363", "HelloVPS", "hellovps", "http://www.hellovps.com/"
"364", "Hetzner Online", "hetzner_online", "http://www.hetzner.com/"
"365", "Heureka Shopping s.r.o.", "heureka_cz", "http://onas.heureka.cz/"
"366", "High Speed Web, Inc.", "highspeedweb_net", "http://www.highspeedweb.net/"
"367", "Hispaweb Network", "hispaweb_network", "http://hispaweb.net/"
"368", "HitMe.pl", "hitme-pl", "https://hitme.pl/"
"369", "Hivelocity Hosting", "hivelocity_hosting", "https://www.hivelocity.net/"
"370", "home.pl S.A.", "home_pl", "https://home.pl/"
"371", "HopOne", "hopone", "http://www.hopone.net/"
"372", "Host Department LLC", "host_department_llc", "http://www.hostdepartment.com/"
"373", "Host Depot", "host_depot", "http://www.hostdepot.com/"
"374", "Host Europe", "host_europe", "https://www.hosteurope.de/"
"375", "Host Virtual, Inc", "host_virtual", "https://www.hostvirtual.com/"
"376", "Host-it", "host-it", "http://www.host-it.co.uk/"
"377", "Host1Plus", "host1plus", "http://www.host1plus.com/"
"378", "Hosta Rica", "hosta_rica", "http://hostarica.com/"
"379", "Hostbasket", "hostbasket", "http://www.hostbasket.com/en/"
"380", "HostBrink", "hostbrink", "http://www.hostbrink.com/"
"381", "hosteam.pl", "hosteam-pl", "http://hosteam.pl/"
"382", "HosTech", "hostech", "http://hostech.co.il/"
"383", "Hosteur SA", "hosteur", "https://www.hosteur.com/"
"384", "hostex.lt", "hostex-lt", "http://hostex.lt/"
"385", "HostGator.com LLC", "hostgator", "http://www.hostgator.com/"
"386", "Hostgrad", "hostgrad", "http://hostgrad.ru/"
"387", "hosthane.com", "hosthane-com", "http://www.hosthane.com/"
"388", "Hosthatch Inc.", "hosthatch_inc", "https://hosthatch.com/"
"389", "hostinet.com", "hostinet-com", "http://hostinet.com/"
"390", "Hosting Concepts", "hosting_concepts", "http://hosting-concepts.nl/"
"391", "Hosting Ood.", "host_bg", "https://www.host.bg/"
"392", "Hosting Services Inc.", "100tb_com", "https://www.100tb.com/"
"393", "Hosting Services Inc.", "midphase", "https://www.midphase.com/"
"394", "Hosting Solutions Internationa", "hosting_solutions_internationa", "http://www.server4you.com/"
"395", "Hosting UK", "hosting_uk", "http://hostinguk.net/"
"396", "hosting.ua", "hosting-ua", "http://hosting.ua/"
"397", "HOSTING90 systems s.r.o.", "hosting90", "https://www.hosting90.cz/"
"398", "Hostinger", "hostinger", "http://www.hostinger.com/"
"399", "Hostirian", "hostirian", "https://www.hostirian.com/"
"400", "HostKey", "hostkey", "http://hostkey.com/"
"401", "HostMySite.com", "hostmysite-com", "http://www.webmysite.com/"
"402", "hostnet.nl", "hostnet-nl", "http://www.hostnet.nl/"
"403", "HostPark", "hostpark_ua", "http://www.hostpark.ua/"
"404", "hostpro.ua", "hostpro-ua", "http://hostpro.ua/"
"405", "hostrevenda.com", "hostrevenda-com", "http://hostrevenda.com/"
"406", "HostRocket", "hostrocket", "http://www.hostrocket.com/"
"407", "HostRush", "hostrush", "https://www.hostrush.com/"
"408", "HostSailor", "hostsailor", "https://hostsailor.com/"
"409", "Hosttech Gmbh  ", "hosttech", "http://www.hosttech.eu/"
"410", "HostUS Solutions LLC", "host_us", "https://hostus.us/"
"411", "HostVentures", "hostventures", "http://www.hostventures.com/"
"412", "Hostway", "hostway", "http://www.hostway.com/"
"413", "Hostwinds.com", "hostwinds-com", "https://www.hostwinds.com/"
"414", "HQ GmbH", "hq-gmbh", "http://hq-gmbh.de/"
"415", "Hqhost.net", "hqhost-net", "http://hqhost.net/en/index.html"
"416", "https://corp.mail.ru/", "mail_ru", "Mail.ru Llc"
"417", "Huawei Cloud Service", "huawei", "http://www.huawei.com/"
"418", "hugeserver", "hugeserver", "http://www.hugeserver.com/"
"419", "Hurricane Electic", "hurricane_electic", "http://www.he.net/"
"420", "Hydra Communications Ltd.", "hydra_communications", "https://zare.com/"
"421", "Hyperhosting", "hyperhosting", "https://www.hyperhosting.gr/"
"422", "HZ Hosting Ltd", "hz_hosting_ltd", "https://www.hostzealot.com/"
"423", "i3d.net", "i3d-net", "http://i3d.net/"
"424", "IBM", "ibm", "https://www.ibm.com/"
"425", "icn.bg", "icn-bg", "http://www.icn.bg/"
"426", "ideal-solution.org", "ideal-solution-org", "http://ideal-solution.org/"
"427", "idealhosting", "idealhosting", "http://www.idealhosting.com/"
"428", "Idee Inc.", "idee_inc", "http://ideeinc.com/"
"429", "iFasNet LTD", "ifastnet_ltd", "https://ifastnet.com/"
"430", "IGNUM, s.r.o.", "ignum", "https://www.ignum.cz/"
"431", "ihc.ru", "ihc-ru", "http://www.ihc.ru/"
"432", "ihnetworks.net", "ihnetworks-net", "http://ihnetworks.net/"
"433", "IKOULA", "ikoula", "https://www.ikoula.com/en"
"434", "Ikoula Sas", "ikoula", "https://www.ikoula.com/"
"435", "Iliad Datacenter", "Iliad Datacenter", "http://iliad-entreprises.fr/"
"436", "Iliad Datacenter", "iliad_datacenter", "http://iliad-entreprises.fr/"
"437", "Immedion", "immedion", "http://immedion.com/"
"438", "Imperanet", "imperanet_br", "http://imperanet.com.br/"
"439", "Imperva Incapsula", "incapsula", "https://www.incapsula.com/"
"440", "inAsset", "inasset", "https://inasset.es/"
"441", "Incero LLC.", "incero", "https://www.incero.com/"
"442", "incubatec GmbH - Srl", "incubatec_gmbh-srl", "http://www.incubatec.com"
"443", "Indiana Data Center LLC", "indiana_data_center_llc", "http://inddc.com/"
"444", "Inferno Solutions", "inferno_solutions", "http://inferno.name/"
"445", "infinitetech.eu", "infinitetech-eu", "http://www.infinitetech.eu/"
"446", "Infinys", "infinys", "http://isi.co.id/"
"447", "Infium-1", "infium-1", "http://infiumhost.com/"
"448", "infiumhost.com", "infiumhost-com", "http://infiumhost.com/"
"449", "Infobox", "infobox", "https://infobox.ru/"
"450", "inline.de", "inline-de", "http://www.inline.de/"
"451", "INMOTION HOSTING, INC.", "inmotion_hosting", "http://www.inmotionhosting.com/"
"452", "Input Output Flood LLC", "input_output_flood_llc", "http://ioflood.com/"
"453", "Integral Ad Science, Inc.", "integralads", "http://integralads.com/"
"454", "Integrity", "integrity", "http://integrity.hu/en/"
"455", "Interactive Web Solutions Limited", "iweb_hosting", "http://www.iweb-hosting.co.uk/"
"456", "interhost", "interhost", "http://www.interhost.com/"
"457", "Interhost.co.il", "interhost_co_il", "http://www.interhost.co.il/"
"458", "Internap Corporation", "internap-com", "http://www.internap.com/"
"459", "Internet Archive", "internet_archive", "http://www.archive.org/"
"460", "Internet Cz, a.s", "forpsi", "http://www.forpsi.com/"
"461", "Internet Info, S.r.o", "iinfo_cz", "http://www.iinfo.cz/"
"462", "Internet Memory Research", "internetmemory_net", "https://internetmemory.net/"
"463", "InternetVista SA", "internetvista_sa", "http://www.internetvista.com/"
"464", "interracks.com", "interracks-com", "http://interracks.com/"
"465", "interscholz Internet Services GmbH Co. KG", "interscholz_de", "https://interscholz.de/"
"466", "Interserver, Inc.", "interserver-net", "https://www.interserver.net/"
"467", "intrascape", "intrascape", "http://intrascape.com/"
"468", "iomart Group plc", "iomart_group", "http://www.iomart.com/"
"469", "iomart Hosting Ltd", "iomart_hosting_ltd", "http://www.rapidswitch.com/"
"470", "ionity", "ionity", "http://ionity.com/"
"471", "IP Exchange GmbH", "ip_exchange_gmbh", "http://www.ip-exchange.de/"
"472", "IP Server", "ip_server", "https://www.ipserver.su/"
"473", "IP ServerOne", "ip_serverone", "http://ipserverone.com/"
"474", "ip.ro", "ip-ro", "http://ip.ro/"
"475", "Iperweb Ltd.", "iperweb_ltd", "http://iperweb.com/"
"476", "ipglobe.net", "ipglobe-net", "https://www.ipglobe.net/"
"477", "ipHouse", "iphouse", "http://www.iphouse.com/"
"478", "IPServer", "ipserver", "http://spheral.ru/"
"479", "IQ PL Sp. z o.o.", "iq_pl", "https://www.iq.pl/"
"480", "iqhost.ru", "iqhost-ru", "http://iqhost.ru/"
"481", "IS Group B.V.", "is-group-bv", "https://www.is.nl/"
"482", "IsimTescil.net", "isimtescil", "http://www.isimtescil.net/"
"483", "ISPpro Internet KG", "isppro_internet_kg", "http://isppro.de/"
"484", "ISPserver", "ispserver", "http://ispserver.com/"
"485", "ISPSystem", "ispsystem", "https://www.ispsystem.com/"
"486", "It7 Networks Inc", "it7_networks_inc", "https://www.it7.net/"
"487", "ITL Group", "itl_group", "https://itldc.com/"
"488", "Its Hosted", "its_hosted", "http://www.itshosted.nl/"
"489", "itsoft.ru", "itsoft_ru", "https://itsoft.ru/"
"490", "iWeb Technologies Inc.", "iweb", "https://iweb.com/"
"491", "IWS Networks", "iws_networks", "http://iws.co/"
"492", "ix-host.ru", "ix-host-ru", "http://www.ix-host.ru/"
"493", "ixam-hosting", "ixam-hosting", "http://ixam-hosting.com/"
"494", "J2 Australia Hosting Pty Ltd", "j2_australia_hosting", "https://www.web24.com.au/"
"495", "j2 Global, Inc.", "j2global_inc", "http://j2.com/"
"496", "JEE.PL", "jee_pl", "http://jee.pl/"
"497", "JoeS Datacenter, LLC", "joesdatacenter", "https://joesdatacenter.com/"
"498", "Jumpline Inc", "jumpline_inc", "http://www.jumpline.com/"
"499", "justhost.in.ua", "justhost-in-ua", "http://www.justhost.in.ua/"
"500", "JustHost.ru", "justhost_ru", "https://justhost.ru/"
"501", "K&k Corporation Ltd", "k_and_k_co", "http://www.kandk.co.jp/"
"502", "Kazakhtelecom Colocation", "kazakhtelecom_colocation", "https://telecom.kz/en"
"503", "KEYWEB AG", "keyweb", "https://www.keyweb.de/"
"504", "Kharkov Server Ltd", "kharkov_server", "https://xserver.ua/"
"505", "King Servers B.V.", "king-servers", "https://www.king-servers.com/"
"506", "KingHost Hospedagem de Sites Ltda.", "kinghost_br", "https://www.kinghost.com.br/"
"507", "kinx.net", "kinx-net", "http://idc.kinx.net/"
"508", "KnownHost LLC", "knownhost_llc", "https://www.knownhost.com/"
"509", "KnownSRV LTD", "knownsrv-com", "http://knownsrv.com/"
"510", "KoDDoS.com", "koddos-com", "http://www.koddos.com/"
"511", "Koehler Internet Services", "koehler_internet_services", "http://www.lb-server.de/"
"512", "KONTENT GmbH", "kontent", "https://www.kontent.com/"
"513", "Krakowskie e-Centrum Informatyczne", "kei_pl", "https://www.kei.pl/"
"514", "Krypt", "krypt", "http://krypt.com/"
"515", "Kualo", "kualo", "http://www.kualo.com/"
"516", "KW Datacenter CA", "kw_datacenter_ca", "http://www.kwdatacentre.com/"
"517", "kylos.pl", "kylos-pl", "http://www.kylos.pl/"
"518", "Lancom Ltd", "lancom_ltd", "http://www.lancom.gr/"
"519", "Landis Holdings Inc.", "landis_holdings_inc", "https://www.jaguarpc.com/"
"520", "latisys", "latisys", "http://www.latisys.com/"
"521", "Layered Technologies Inc", "layered_technologies_inc", "http://www.layeredtech.com/"
"522", "leaderhost.ru", "leaderhost-ru", "http://leaderhost.ru/"
"523", "LeaseWeb", "leaseweb", "https://www.leaseweb.com/"
"524", "LightEdge", "lightedge", "http://www.lightedge.com"
"525", "Lightstorm Communications s.r.o.", "lightstorm", "http://www.lightstorm.sk/"
"526", "Limelight Networks Inc", "limelight_networks_inc", "http://www.limelight.com/"
"527", "Limestone Networks", "limestone_networks", "https://www.limestonenetworks.com/"
"528", "Linehost DC", "linehost_pl", "https://linehost.pl/"
"529", "Linevast Hosting", "linevast_de", "https://linevast.de/"
"530", "LINK11 Gmbh", "link11_gmbh", "http://www.link11.de/"
"531", "LinkedIn Inc.", "linkedin", "http://www.linkedin.com/"
"532", "Linode", "linode", "https://www.linode.com/"
"533", "LionLink Networks", "lionlink-net", "https://www.lionlink.net/"
"534", "Liquid Web", "liquid_web", "https://www.liquidweb.com/"
"535", "LiWiNeA GmbH", "liwinea_gmbh", "https://www.simplyroot.de/"
"536", "Local Dedicated", "local_dedicated", "http://localdedicated.com/"
"537", "Localhost S.a", "localhost_sa", "http://www.localhost.net.ar/"
"538", "Locaweb Serviços de Internet S/A", "locaweb_servicos", "http://www.locaweb.com.br/"
"539", "LogicWeb Inc.", "logicweb_inc", "http://www.logicweb.com/"
"540", "LogicWorks", "logicworks", "http://www.logicworks.net/"
"541", "Loopia AB", "loopia", "https://www.loopia.se/"
"542", "Loose Foot Computing Limited", "loose_foot_computing_limited", "https://www.lfchosting.com/"
"543", "LoveServers LTD", "loveservers", "https://loveservers.com/"
"544", "Lunar Pages", "lunar_pages", "http://www.lunarpages.com/"
"545", "M247 Ltd", "m247", "https://m247.com/"
"546", "Magic Online", "magic_online", "https://www.magic.fr/"
"547", "Mail.ru Llc", "mail_ru", "https://corp.mail.ru/"
"548", "Managed Data Solutions Pty Ltd", "manageddatasolutions", "http://www.manageddatasolutions.com.au/"
"549", "Managed Hosting Services (Gorack)", "managed_hosting_services_gorack", "http://www.gorack.net/"
"550", "Marosnet", "marosnet", "https://www.ihor.ru/"
"551", "Master Internet", "master_internet", "https://www.master.cz/"
"552", "Masterhost.ru", "masterhost-ru", "https://masterhost.ru/"
"553", "Maxindo Mitra Solusi, PT", "maxindo_mitra_solusi", "http://www.maxindo.net.id/"
"554", "mchost.ru", "mchost-ru", "http://mchost.ru/"
"555", "Media Temple", "media_temple", "https://mediatemple.net/"
"556", "Media-Hosts Inc.", "media-hosts_inc", "https://www.media-hosts.com/"
"557", "Medyabim", "medyabim", "http://www.medyabim.com.tr/"
"558", "meerfarbig GmbH & Co. KG", "meerfarbig", "https://meerfarbig.io/"
"559", "Megahost.dk", "megahost_dk", "http://www.megahost.dk/"
"560", "MegiTeam", "megiteam", "http://www.megiteam.pl/"
"561", "Memset Ltd", "memset_ltd", "http://www.memset.com/"
"562", "Micfo, LLC", "micfo-com", "https://www.micfo.com/"
"563", "Micron21", "micron21", "http://www.micron21.com/"
"564", "Microsoft Azure", "microsoft_azure", "https://azure.microsoft.com/"
"565", "Microsoft Corporation", "microsoft", "https://www.microsoft.com/"
"566", "MikroVPS Ltd.", "mikrovps", "https://www.mikrovps.net/"
"567", "mirahost", "mirahost", "http://mirahub.com/"
"568", "mirohost.net", "mirohost-net", "http://mirohost.net/"
"569", "MojoHost", "mojohost", "http://www.mojohost.com"
"570", "MrHost", "mrhost", "http://mrhost.biz/"
"571", "mrhost.biz", "mrhost-biz", "http://mrhost.biz/"
"572", "MSERWIS", "mserwis", "https://www.mserwis.pl/"
"573", "multacom.com", "multacom-com", "http://multacom.com/"
"574", "mxhost", "mxhost", "http://www.mxhost.ro/"
"575", "myh2oservers.com", "myh2oservers-com", "http://www.myh2oservers.com/"
"576", "myhost.ua", "myhost-ua", "http://www.myhost.ua/"
"577", "myLoc", "myloc", "https://www.myloc.de/"
"578", "myVirtualserver.com", "myvirtualserver_com", "https://myvirtualserver.com/"
"579", "Nagano - Hradec", "nagano-hradec", "http://www.o2.cz/"
"580", "Name Intelligence Inc.", "nameintelligence", "http://www.nameintelligence.com/"
"581", "Namecheap, Inc.", "namecheap", "https://www.namecheap.com/"
"582", "NANO IT", "nano_it", "https://www.nano.lv/"
"583", "National Computer Systems Co Ltd", "nashirnet_net", "http://www.nashirnet.net/"
"584", "Native Hosting", "native_hosting", "http://nativehosting.com/"
"585", "natro.com", "natro_com", "http://www.natro.com/"
"586", "NAVER Corp", "naver", "http://www.navercorp.com/"
"587", "Nazwa.pl Sp.z.o.o", "nazwa-pl", "https://www.nazwa.pl/"
"588", "nbiserv.de", "nbiserv-de", "http://nbiserv.de/"
"589", "ndchost.com", "ndchost-com", "http://www.ndchost.com/"
"590", "nedzone.nl", "nedzone-nl", "https://www.nedzone.nl/"
"591", "Neospire", "neospire", "http://www.neospire.net/"
"592", "NEPHAX", "nephax", "http://www.nephax.net/"
"593", "Net Data Centers, Inc.", "netdatacenters_inc", "http://www.netdatacenters.com/"
"594", "NetAngels", "netangels", "http://www.netangels.ru/"
"595", "netcup GmbH", "netcup_de", "https://www.netcup.de/"
"596", "Netelligent", "netelligent", "http://www.netelligent.ca/en/ca"
"597", "netEstate GmbH", "netestate_gmbh", "https://www.netestate.de/"
"598", "Netfronts, Inc.", "netfronts_inc", "http://www.netfronts.com/"
"599", "Netgroup Denmark", "netgroup_denmark", "https://www.netgroup.dk/"
"600", "NetNation", "netnation", "http://www.netnation.com/"
"601", "Netowl,Inc.", "netowl_inc", "http://www.netowl.jp/"
"602", "Netplus Communication", "netplus_communication", "http://www.netplus.fr/"
"603", "Netregistry Pty Ltd", "netregistry_au", "https://www.netregistry.com.au/"
"604", "netriplex", "netriplex", "http://www.netriplex.com/"
"605", "Netrouting", "netrouting", "https://www.netrouting.com/"
"606", "Netsys Global Telecom Limited", "netsys_global_telecom_limited", "http://www.netsysdatacenter.com/"
"607", "netzozeker.nl", "netzozeker-nl", "http://www.netzozeker.nl/"
"608", "Neustar, Inc.", "neustar_inc", "https://www.neustar.biz/"
"609", "NewMedia Express Pte Ltd", "newmediaexpress", "https://www.newmediaexpress.com/"
"610", "Next Connex Ltd.", "next_connex", "http://www.nextconnex.com/"
"611", "NFOrce Entertainment B.V.", "nforce", "https://www.nforce.com/"
"612", "nimbushosting.co.uk", "nimbushosting-co-uk", "http://nimbushosting.co.uk/"
"613", "nine.ch", "nine-ch", "http://nine.ch/"
"614", "Nodes Direct Holdings, LLC", "nodesdirect", "http://www.nodesdirect.com/"
"615", "Nodisto It, LLC", "nodisto", "https://nodisto.com/"
"616", "North Hosts Limited", "northhosts", "https://www.northhosts.co.uk/"
"617", "nthost.ru", "nthost-ru", "http://nthost.ru/"
"618", "ntx.ru", "ntx-ru", "http://ntx.ru/"
"619", "Nucleus bvba", "nucleus", "https://www.nucleus.be/"
"620", "NuFuture Ltd", "nufuture_ltd", "http://www.nublue.co.uk/"
"621", "NWT iDC Data Service", "nwt_idc_data_service", "http://www.newworldtel.com/"
"622", "NYI", "nyi_net", "https://www.nyi.net/"
"623", "Obenetwork", "obenetwork", "https://www.obenetwork.com/"
"624", "Obone Gmbh", "obone_gmbh", "http://www.obone.de/"
"625", "Offshore Racks S.a", "offshoreracks", "http://www.offshoreracks.com/"
"626", "OkServers LLC", "okservers", "https://okservers.net/"
"627", "Omnilance Ltd.", "omnilance_ltd", "http://www.omnilance.com/"
"628", "On-Line Data Ltd. - ZOMRO", "zomro", "http://zomro.com/"
"629", "One Asia Host LLP", "oneasiahost", "https://www.oneasiahost.com/"
"630", "One.com", "one-com", "http://www.one.com/"
"631", "One.com", "one-com", "https://www.one.com/"
"632", "Online SAS", "online-sas", "https://www.online.net/"
"633", "OpenHosting UK Internet Solutions", "openhosting_uk_internet_solutions", "http://openhosting.co.uk/"
"634", "Opera Software AS", "operasoftware", "http://www.operasoftware.com/"
"635", "Oplink", "oplink", "https://oplink.net/"
"636", "Optimate Server", "optimate_server", "http://optimate-server.de/"
"637", "OVH", "ovh", "http://www.ovh.com/"
"638", "Oy Creanova Hosting Solutions Ltd", "creanova", "https://creanova.org/"
"639", "Oz Servers Pty Ltd.", "ozserver", "https://www.ozservers.com.au/"
"640", "ozhosting.com", "ozhosting-com", "http://ozhosting.com/"
"641", "Packet Host", "packet_host", "https://www.packet.net/"
"642", "Pair Networks", "pair_networks", "http://www.pair.com/"
"643", "panamaserver.com", "panamaserver-com", "http://panamaserver.com/"
"644", "PatrikWeb", "patrikweb", "http://patrikweb.net/"
"645", "PCCW Solutions", "pccw_solutions", "http://www.pccwsolutions.com/"
"646", "pce-net", "pce-net", "http://www.pce.de/"
"647", "PCextreme B.V.", "pcextreme_bv", "https://www.pcextreme.nl/"
"648", "Peak Web Hosting", "peak_web_hosting", "http://www.peakwebhosting.com/"
"649", "Peak10", "peak10", "http://www.peak10.com/"
"650", "Perfect IP", "perfect_ip", "http://www.perfectip.net/"
"651", "Persona Host", "persona_host", "http://personahost.net/"
"652", "Petersburg Internet Network ltd.", "petersburg_internet_network_ltd", "http://pinspb.ru/"
"653", "pgHosting", "pghosting", "http://pghosting.de/"
"654", "Phpnet France Sarl", "phpnet_france", "https://www.phpnet.org/"
"655", "PlanetHoster", "planethoster", "http://www.planethoster.net/"
"656", "Planisys S.A.", "planisys", "http://www.planisys.com/"
"657", "PlusServer GmbH", "plusserver", "https://www.plusserver.com/"
"658", "PlusServer GmbH", "plusserver_gmbh", "https://www.plusserver.com/"
"659", "Plutex", "plutex", "http://www.plutex.de/"
"660", "Portlane", "portlane", "http://www.portlane.com/"
"661", "Power Up Hosting, Inc.", "poweruphosting", "https://poweruphosting.com/"
"662", "Premia Networks Corporation", "premia_networks_corporation", "http://www.premianet.com/"
"663", "prioritycolo.com", "prioritycolo-com", "http://prioritycolo.com/"
"664", "Private Layer INC", "private_layer_inc", "http://privatelayer.com/"
"665", "PrivateSystems.net", "privatesystems-net", "http://privatesystems.net/"
"666", "ProDos s.r.o.", "prodos_sro", "http://www.prodos.cz/"
"667", "profihost", "profihost", "http://www.profihost.com/"
"668", "ProHoster.info", "prohoster-info", "http://prohoster.info/"
"669", "PROHOSTING LLC ", "prohosting_llc", "https://prohosting.ge/"
"670", "prolocation.net", "prolocation-net", "http://prolocation.net/"
"671", "PROMETEUS", "prometeus", "http://www.prometeus.net/"
"672", "Prometey", "prometey", "http://ptspb.ru/"
"673", "prq.se", "prq-se", "http://prq.se/"
"674", "Psychz Networks", "psychz_networks", "http://psychz.net/"
"675", "PT. JC Indonesia", "pt_jc_indonesia", "https://jogjacamp.com/"
"676", "PT. Master Web Network", "pt_masterweb_net", "http://www.masterweb.net/"
"677", "PulsePoint, Inc.", "pulsepoint_inc", "http://www.pulsepoint.com/"
"678", "Qhoster Ltd", "qhoster", "https://www.qhoster.com/"
"679", "QTS", "qts", "http://www.qtsdatacenters.com/"
"680", "Quadranet, Inc", "quadranet", "https://www.quadranet.com/"
"681", "Qualityhosting Ag", "qualityhosting_ag", "https://www.qualityhosting.de/"
"682", "Qualys, Inc.", "qualys_inc", "https://www.qualys.com/"
"683", "Quasar Data Center", "quasar_data_center", "http://quasardata.com/"
"684", "Query Foundry", "queryfoundry", "http://www.queryfoundry.com/"
"685", "quickweb.co.nz", "quickweb-co-nz", "http://quickweb.co.nz/"
"686", "Qwant SAS", "qwant", "https://www.qwant.com/"
"687", "qweb", "qweb", "http://www.qweb.nl/"
"688", "QWK.net", "qwk-net", "http://www.qwk.net/"
"689", "RackAlley LLC", "rackalley_llc", "http://www.rackalley.com/"
"690", "RackForce", "rackforce", "http://www.rockforce.com/"
"691", "rackmarkt.com", "rackmarkt-com", "http://rackmarkt.com/"
"692", "Rackplace NL", "rackplace_nl", "https://www.rackplace.de/"
"972", "Rackspace US, Inc.", "rackspace", "https://www.rackspace.com/"
"693", "Rackspace, Inc.", "rackspace", "https://www.rackspace.com/"
"694", "racksrv", "racksrv", "http://www.racksrv.com/"
"695", "Rackvibe.com", "rackvibe-com", "http://www.rackvibe.com/"
"696", "Radore Hosting", "radore_hosting", "http://radore.com/"
"697", "raKdigital", "rakdigital", "http://www.rakdigital.co.uk/"
"698", "RamNode LLC", "ramnode_llc", "http://www.ramnode.com/"
"699", "Ransom IT", "ransomit", "http://www.ransomit.com.au/"
"700", "rapidhost.co.uk", "rapidhost-co-uk", "http://rapidhost.co.uk/"
"701", "RapidSpeeds Servers LTD", "rapidspeeds_servers_ltd", "http://rapidspeeds.com/"
"702", "Razor", "razor", "http://www.razorservers.com/"
"703", "Ready IDC", "readyidc", "http://www.readyidc.com/"
"704", "Ready Server Pte Ltd.", "readyserver", "https://www.readyserver.sg/"
"705", "ReadySpace", "readyspace", "http://www.readyspace.com.sg/en/"
"706", "Rebel Hosting", "rebel_hosting", "http://www.rebelhosting.net/"
"707", "redehost.com.br", "redehost-com-br", "http://www.redehost.com.br/"
"708", "Redhosting B.V.", "red_hosting", "http://redhosting.nl/"
"709", "Redstation Limited", "redstation_limited", "http://redstation.com/"
"710", "Reflected Networks", "reflected_networks", "http://reflected.net/"
"711", "Reg.ru", "reg-ru", "https://www.reg.ru/"
"712", "register.it", "register-it", "http://we.register.it/"
"713", "Registro .it", "nic_it", "http://www.nic.it/"
"714", "Reliable Hosting", "reliable_hosting", "http://reliablehosting.com/"
"715", "ReliableSite.Net LLC", "reliablesite_net", "http://www.reliablesite.net/"
"716", "Rent a Rack", "rent_a_rack", "http://rentarack.no/"
"717", "Riffle", "riffle", "http://www.riffle.be/"
"718", "rijndata.nl", "rijndata-nl", "http://rijndata.nl/"
"719", "Rimu Hosting", "rimu_hosting", "http://rimuhosting.com/"
"720", "RisingNet", "risingnet", "http://risingnet.net/"
"721", "Rook Media AG", "rookmedia", "https://www.rookmedia.net/"
"722", "Root Level Technology", "rootleveltech", "https://rootleveltech.com/"
"723", "root S.A.", "root_s-a", "http://www.site.lu/"
"724", "Roya Hosting", "roya_hosting", "http://www.royahosting.com/"
"725", "RTComm", "rtcomm", "http://rtcomm.ru/"
"726", "Rusonyx Ltd.", "rusonyx_ru", "https://www.rusonyx.ru/"
"727", "S2 Coltd", "s2_coltd", "http://www.forestcity-datagarden.com/"
"728", "Sadecehosting Turkey", "sadecehosting_turkey", "https://www.sadecehosting.com/en/"
"729", "Safe Host SA", "safe_host_sa", "http://safehost.net/"
"730", "Sakura Internet Inc.", "sakura_internet", "http://www.sakura.ne.jp/"
"731", "Savvis", "savvis", "http://www.savvis.net/"
"732", "SBA Research gGmbH", "sba_research_ggmbh", "https://www.sba-research.org/"
"733", "Scoop.it, Inc.", "scoop_it", "https://www.scoop.it/"
"734", "Scrub The Web", "scrub_the_web", "http://www.scrubtheweb.com/"
"735", "Sectorlink, LLC", "sectorlink", "https://www.sectorlink.com/"
"736", "Secure Hosting Limited", "secure_hosting_limited", "http://www.securehost.com/"
"737", "Secure Private Network", "secure_private_network", "http://www.securedprivatenetwork.net/"
"738", "Secure Servers", "secure_servers", "http://www.securedservers.com/"
"739", "Securewebs.com", "securewebs-com", "http://www.securewebs.com/"
"740", "Seeweb S.r.l", "seeweb-it", "https://www.seeweb.it/"
"741", "SeFlow s.n.c", "seflow_snc", "http://www.seflow.net/"
"742", "Selectel Ltd.", "selectel", "https://selectel.ru/"
"743", "Selectel Ltd.", "selectel_ru", "https://selectel.ru/"
"744", "Servenet Solution Limited Partnership", "servenet_solution_limited_partnership", "http://servenet.co.th/"
"745", "Server Axis", "serveraxis", "http://www.serveraxis.com/"
"746", "Server Green", "server_green", "http://servergreen.com.br/"
"747", "ServerBeach Dedicated Servers", "serverbeach_dedicated_servers", "http://www.serverbeach.com/"
"748", "serverboost.nl", "serverboost-nl", "http://serverboost.nl/"
"749", "ServerCentral", "servercentral", "http://www.servercentral.net/"
"750", "Servercentric", "servercentric", "http://servecentric.com/"
"751", "ServerClub Inc", "serverclub_inc", "http://serverclub.com/"
"752", "Servereasy Srl", "servereasy", "http://www.servereasy.it/"
"753", "ServerHub", "serverhub", "http://www.serverhub.com/"
"754", "servermania.com", "servermania-com", "http://www.servermania.com/"
"755", "Servers Australia", "servers_australia", "http://serversaustralia.com.au/"
"756", "Servers.com, Inc", "Servers_com_Inc", "https://www.servers.com/"
"757", "ServerSpace Limited", "serverspace_limited", "http://www.serverspace.co.uk/"
"758", "ServiHosting Networks S.L.", "servihosting_networks_s-l", "http://servihosting.es/"
"759", "ServInt", "servint", "http://www.servint.net/"
"760", "Servinus", "servinus", "http://serverius.nl/"
"761", "servisweb", "servisweb", "http://serveisweb.com/"
"762", "SevenL Networks Inc", "sevenl_networks_inc", "https://www.sevenl.net/"
"763", "Seznam.cz", "seznam_cz", "http://onas.seznam.cz/"
"764", "SharkTECH Internet Services", "sharktech_internet_services", "http://sharktech.net/"
"765", "Silicon Valley Web Hosting", "silicon_valley_web_hosting", "http://www.svwh.net/"
"766", "simcentric", "simcentric", "http://simcentric.com/"
"767", "simpliq.com", "simpliq-com", "http://www.simpliq.com/"
"768", "SinaroHost LTD", "sinarohost_ltd", "https://sinaro.host/"
"769", "SingleHop", "singlehop", "http://www.singlehop.com/"
"770", "Site5.com LLC", "site5-com_llc", "http://www.site5.com/"
"771", "SiteHost", "sitehost", "https://sitehost.nz/"
"772", "Siteimprove GmbH", "siteimprove_gmbh", "http://siteimprove.com/"
"773", "Siteserver", "siteserver", "http://siteserver.net/"
"774", "Slask Data Center PL", "slask_data_center_pl", "https://sldc.eu/"
"775", "Smart Cloud Hosting UK Ltd", "smart_cloud_hosting", "https://www.bestwebhosting.co.uk/"
"776", "smart-hosting.ro", "smart-hosting-ro", "http://smart-hosting.ro/"
"777", "Snel.com B.V.", "snel_com_bv", "https://www.snel.com/"
"778", "SoftLayer Technologies. Inc.", "softlayer", "http://www.softlayer.com/"
"779", "Solar Communications Gmbh", "solar_com", "https://solarcom.ch/"
"780", "Solar VPS LLC", "solarvps", "http://www.solarvps.com/"
"781", "Solido Hosting A/S", "solido_hosting_a-s", "http://solidohosting.com/"
"782", "sologigabit.com", "sologigabit-com", "http://www.sologigabit.com/en/Dedicated-Servers"
"783", "SpaceWeb LLC", "spaceweb", "https://sweb.ru/"
"784", "Sparkstation", "sparkstation", "http://sparkstation.net/"
"785", "sPD Hosting LTD.", "spd_hosting", "https://www.spd.co.il/"
"786", "Speedbone Gmbh", "speedbone", "https://www.speedbone.de/"
"787", "SPOJE-NET", "spoje-net", "https://www.spoje.net/"
"788", "Springs Hosting", "springshosting", "https://www.springshosting.com/"
"789", "Sprint S.A", "sprint_sa", "https://www.sprintdatacenter.pl/"
"790", "Sprocket Networks", "sprocket_networks", "http://www.sprocketnetworks.com/"
"791", "Sputnik Llc", "sputnik_ru", "http://corp.sputnik.ru/company"
"792", "Stackpath, LLC", "stackpath_llc", "https://www.stackpath.com/"
"793", "Staminus Communications", "staminus_communications", "http://staminus.net/"
"794", "Star-Hosting e.K.", "star-hosting_e-k", "http://star-hosting.de/"
"795", "steadfast.net", "steadfast-net", "http://steadfast.net/"
"796", "Steep Host", "steep_host", "http://www.steephost.com/"
"797", "Stone Internet Services BVBA", "stone-is", "https://www.stone-is.com/"
"798", "Strato AG", "strato_ag", "https://www.strato.de/"
"799", "StumbleUpon, Inc.", "stumbleupon", "https://www.stumbleupon.com/"
"800", "SunnyVision Limited.", "sunnyvision", "http://www.sunnyvision.com/"
"801", "Sunshine Web Hosting, Inc ", "swhi_net", "http://www.swhi.net/"
"802", "Superdata", "superdata", "http://superdata.vn/"
"803", "superhost.pl", "superhost-pl", "http://superhost.pl/"
"804", "SuperHosting.BG", "superhosting-bg", "http://www.superhosting.bg/"
"805", "SuperHosting.BG Ltd.", "superhosting_bg", "https://www.superhosting.bg/"
"806", "SuperNetwork s.r.o.", "supernetwork", "https://www.superhosting.cz/"
"807", "Supernova s.r.l.", "supernova_srl", "https://www.netsons.com/"
"808", "Supreme Telecom Systems", "supreme_telecom_systems", "http://supremetelecom.com/"
"809", "SurfEasy Inc.", "surfeasy_inc", "https://www.surfeasy.com/"
"810", "SV COLO", "svcolo", "http://www.svcolo.com/"
"811", "Swiftway", "swiftway", "https://www.swiftway.net/"
"812", "SWITCH Communications Group LLC", "switch_communications_group_llc", "http://www.switchnap.com/"
"813", "Switch Media Ltd", "switch_media_ltd", "http://www.switchmedia.co.uk/"
"814", "SYN LTD.", "syn_ltd", "https://syn.ltd.uk/"
"815", "Szervernet", "szervernet", "http://szervernet.hu/"
"816", "T-N Media Network", "t-n_media", "http://t-n-media.de/"
"817", "Tagadab Ltd.", "tagadab", "http://www.tagadab.com/"
"818", "Tailor Made Servers", "tailor_made_servers", "http://tailoredservers.com/"
"819", "Take 2 Hosting", "take_2_hosting", "http://www.take2hosting.com/"
"820", "Tangram Ukraine", "tangram_ukraine", "http://tangram.ua/eng/index.html"
"821", "TE Bilişim", "tebilisim", "http://www.tebilisim.com/"
"822", "Techie Media", "techie_media", "http://techiemedia.net/"
"823", "TehranHost", "tehranhost", "https://www.tehranhost.com/"
"824", "TekTonic", "tektonic", "http://www.tektonic.net/"
"825", "Telegram Messenger LLP", "telegram_messenger_llp", "https://telegram.org/"
"826", "Tencent Cloud", "tencent_cloud", "https://intl.cloud.tencent.com/"
"827", "Tentacle Networks Oy", "tentacle_networks_oy", "https://www.tentacle.fi/"
"828", "TeraGo Networks", "terago_networks", "http://www.datacenterscanada.com/"
"829", "Teuno", "teuno", "http://www.teuno.com/"
"830", "teuto.net Netzdienste GmbH", "teuto_net", "http://teuto.net/"
"831", "THC Projects SRL", "thcservers", "https://www.thcservers.com/"
"832", "The Bunker", "the_bunker", "http://www.thebunker.net/"
"833", "The Endurance International Group Inc", "the_endurance_international_group_inc", "http://www.enduranceinternational.com/"
"834", "Think Systems UK Ltd", "think_systems_uk_ltd", "https://www.cloudspaceuk.co.uk/"
"835", "THINline s.r.o.", "thinline_cz", "http://www.thinline.cz/"
"836", "thorn.net", "thorn-net", "http://www.thorn.net/"
"837", "Thrust VPS", "thrust_vps", "http://www.thrustvps.com/about/why-thrust/"
"838", "TierPoint, LLC", "tierpoint", "http://www.tierpoint.com/"
"973", "Tiggee LLC", "tiggee_llc", "http://www.tiggee.com/"
"839", "tilaa", "tilaa", "http://www.tilaa.nl/"
"840", "time-host.net", "time-host_net", "https://time-host.net/"
"841", "Titan Internet Ltd", "titan_internet_ltd", "http://www.titaninternet.co.uk/index.cfm"
"842", "tops.net GmbH & Co. KG", "tops_net", "http://www.tops.net/"
"843", "Total Server Solutions", "total_server_solutions", "http://totalserversolutions.com/"
"844", "Totalin", "totalin", "https://www.totalin.com/"
"845", "Trabia Network", "trabia_network", "https://www.trabia.com/"
"846", "Trader Soft Llc", "simplecloud_ru", "https://simplecloud.ru/"
"847", "Tranquil Hosting", "tranquil_hosting", "http://www.tqhosting.com/"
"848", "Transip Bv.", "transip", "https://www.transip.eu/"
"849", "travailsystems.com", "travailsystems-com", "http://travailsystems.com/"
"850", "TripAdvisor LLC", "tripadvisor", "http://www.tripadvisor.com/"
"851", "Triple8 Network", "triple8_network", "http://888.net/"
"852", "trueserver.nl", "trueserver-nl", "http://trueserver.nl/"
"853", "Tsohost", "tsohost", "https://www.tsohost.com/"
"854", "Tsukaeru.net", "tsukaeru_net", "https://www.tsukaeru.net/"
"855", "turhost.com", "turhost_com", "http://www.turhost.com/"
"856", "Turkiye Telekom Datacenter", "turkiye_telekom_datacenter", "http://ttnetdc.com/"
"857", "Turnkey Internet", "turnkey_internet", "http://turnkeyinternet.net/"
"858", "tuxis.nl", "tuxis-nl", "http://tuxis.nl/"
"859", "Twitter Inc.", "twitter", "https://twitter.com/"
"860", "TwooIT", "twooit", "http://www.twooit.de/"
"861", "UAB Interneto vizija", "interneto_vizija", "https://www.iv.lt/"
"862", "uadomen.com", "uadomen-com", "http://www.uadomen.com/"
"863", "Uber Global Pty Ltd", "uber_global", "https://www.uber.com.au/"
"864", "Ubiquity Hosting", "ubiquity_hosting", "https://www.ubiquityhosting.com/"
"865", "UK Dedicated Servers LTD", "uk_dedicated_servers_ltd", "http://ukservers.com/"
"866", "UK2 Group", "uk2_group", "http://www.uk2group.com/"
"867", "UK2.NET", "uk2_net", "https://www.uk2.net/"
"868", "ukwebhosting.ltd.uk", "ukwebhosting-ltd-uk", "http://ukwebhosting.ltd.uk/"
"869", "Unbelievable Machine", "unbelievable_machine", "http://www.unbelievable-machine.com/"
"870", "unitedcolo.de", "unitedcolo-de", "http://unitedcolo.de/"
"871", "Uniweb", "uniweb_no", "https://www.uniweb.no/"
"872", "Unlimited Web Hosting Uk Ltd.", "unlimitedwebhosting", "https://www.unlimitedwebhosting.co.uk/"
"873", "US Colo", "us_colo", "http://uscolo.com/"
"874", "Valvera s.r.o.", "valvera_sro", "http://www.valvera.cz/"
"875", "Vautron AG", "vautron_ag", "http://www.vautron.de/"
"876", "vds64.com", "vds64-com", "http://vds64.com/"
"877", "Veesp", "veesp_com", "https://veesp.com/"
"878", "velia.net Internetdienste GmbH", "velia", "https://www.velia.net/"
"879", "Velocity Servers", "velocity_servers", "http://www.velocity-servers.net/"
"880", "Velocity Servers Inc", "hudsonvalleyhost", "https://www.hudsonvalleyhost.com/"
"881", "Venafi, Inc.", "venafi_inc", "https://www.venafi.com/"
"882", "Venyu Solutions Inc.", "venyu_com", "http://venyu.com/"
"883", "Verisign, Inc.", "verisign_inc", "http://www.verisign.com/"
"884", "Verizon Communications Inc.", "verizon", "http://www.verizon.com/"
"885", "VersaWeb", "versaweb", "https://versaweb.com/"
"886", "vexxhost web hosting", "vexxhost_web_hosting", "http://vexxhost.com/"
"887", "VHoster UA", "vhoster_ua", "http://vhoster.net/"
"888", "ViaWest", "viawest", "https://www.viawest.com/"
"889", "Vidahost", "vidahost", "https://www.vidahost.com/"
"890", "VinaHost Co., Ltd.", "vinahost_vn", "https://vinahost.vn/"
"891", "Virpus Networks", "virpus_networks", "http://myvirpus.com/"
"892", "Virtacore Systems", "virtacore_systems", "http://www.virtacore.com/"
"893", "Virtono Networks SRL", "virtono", "https://www.virtono.com/"
"894", "Vivid-Hosting, LLC", "vivid-hosting", "http://www.vivid-hosting.net/"
"895", "VNET a.s.", "vnet_as", "https://www.vnet.sk/"
"896", "Volia Datacenter", "volia_datacenter", "https://hosting-service.com.ua/"
"897", "Volico", "volico", "http://www.volico.com/"
"898", "Volume Drive", "volume_drive", "http://volumedrive.com/"
"899", "VooServers Ltd", "vooservers_ltd", "https://www.vooservers.com/"
"900", "VooServers Ltd.", "vooservers_ltd", "https://www.vooservers.com/"
"901", "Vorboss Limited", "vorboss", "https://vorboss.com/"
"902", "Voxel", "voxel", "http://www.voxel.net/"
"903", "Voxility", "voxility", "https://www.voxility.com/"
"904", "vps.ua", "vps-ua", "http://vps.ua/"
"905", "VPS4Less", "vps4less", "http://www.vps4less.de/"
"906", "VPSCheap.NET", "vpscheap-net", "https://www.vpscheap.net/"
"907", "vpsFree.cz", "vpsfree_cz", "https://vpsfree.cz/"
"908", "Vpsquan", "vpsquan", "http://www.vpsquan.com/"
"909", "VSHosting s.r.o.", "vshosting-cz", "https://www.vshosting.cz/"
"910", "Vultr Holdings LLC", "vultr", "https://www.vultr.com/"
"911", "Warpline", "warpline", "http://www.warpline.com/"
"912", "Web Hosting UK", "web_hosting_uk", "http://www.webhosting.uk.com/"
"913", "WEB LLC", "web_am", "http://www.web.am/"
"914", "Web Werks", "web_werks", "http://www.web-werks.com/"
"915", "Web.com, Inc", "web_com", "http://www.web.com/"
"916", "Web2Objects", "web2objects", "https://web2objects.com/"
"917", "Web4Africa", "web4africa", "https://www.web4africa.net/"
"918", "Web4ce, s.r.o.", "web4ce", "http://www.web4ce.cz/"
"919", "Webair Internet Development Inc", "webair_internet_development_inc", "http://www.webair.com/"
"920", "Webalta", "webalta", "http://www.wahome.ru/"
"921", "WEBAXYS", "webaxys", "http://www.webaxys.fr/"
"922", "WebControl GmbH", "webcontrol_gmbh", "http://www.webcontrol.de/en/"
"923", "webexxpurts.com", "webexxpurts-com", "http://webexxpurts.com/"
"924", "Webfusion", "webfusion", "http://www.webfusion.com/"
"925", "Webgo Gmbh", "webgo_gmbh", "https://www.webgo.de/"
"926", "webhoster.de", "webhoster-de", "http://webhoster.de/"
"927", "Webhosting.net", "webhosting-net", "http://www.webhosting.net/"
"928", "WebhostOne GmbH", "eebhostone_gmbh", "https://www.webhostone.de/"
"929", "WebNX Inc.", "webnx_internet_services", "https://webnx.com/"
"930", "WebRuimteHosting", "webruimtehosting", "https://www.webruimtehosting.nl/"
"931", "WebsiteWelcome.com", "websitewelcome-com", "http://www.websitewelcome.com/"
"932", "WebSupport SK", "websupport_sk", "https://www.websupport.sk/"
"933", "webvisions.com", "webvisions-com", "http://webvisions.com/"
"934", "Webzilla", "webzilla", "http://webzilla.com/"
"935", "Wedos Internet, a.s", "wedos", "http://www.wedos.com/"
"936", "Weebly", "weebly", "http://www.weebly.com/"
"937", "wehostall", "wehostall", "http://wehostall.ru/"
"938", "wehostwebsites.com", "wehostwebsites-com", "http://wehostwebsites.com/"
"939", "Weservit B.V.", "weservit_bv", "http://www.weservit.nl/"
"940", "westhost", "westhost", "http://www.westhost.com/"
"941", "WhiteLabel IT Solutions", "whitelabelitsolutions", "http://whitelabelitsolutions.com/"
"942", "Wholesale Internet, Inc", "wholesale_internet_inc", "https://www.wholesaleinternet.net/"
"943", "Wikimedia Foundation Inc", "wikimediafoundation", "https://wikimediafoundation.org/"
"944", "wiredtree", "wiredtree", "http://www.wiredtree.com/"
"945", "WISTEE SAS", "wistee", "https://www.wistee.fr/"
"946", "WorldStream", "worldstream", "http://www.worldstream.nl/"
"947", "Wotbox Team", "wotbox-com", "http://www.wotbox.com/"
"948", "Wow Technologies, Inc.", "wow_technologies", "http://wowrack.com/"
"949", "x10hosting", "x10hosting", "http://x10hosting.com/"
"950", "xentime.com", "xentime-com", "http://www.xentime.com/"
"951", "XeonBD", "xeonbd", "http://www.xeonbd.com/"
"952", "Xiolink", "xiolink", "http://xiolink.com/"
"953", "Xirra GmbH", "xirra_gmbh", "http://www.xirra.net/"
"954", "XLHost.com Inc", "xlhost_com", "http://www.xlhost.com/"
"955", "XMission", "xmission", "http://xmission.com/"
"956", "xservers.ro", "xservers-ro", "http://www.xservers.ro/"
"957", "XT Global Networks LTD", "xtglobal", "http://www.xtglobal.vg/"
"958", "Xtraordinary Networks Limited", "xtraordinary_networks_limited", "http://xtrahost.co.uk/"
"959", "Yahoo! Inc.", "Yahoo_inc", "http://www.yahoo-inc.com/"
"960", "Yandex Llc.", "yandex", "https://www.yandex.com/"
"961", "YesHost.Ru", "yeshost_ru", "http://yeshost.ru/"
"962", "YesUp", "yesup", "http://www.yesuphost.com/"
"963", "Yghost Inc", "yghost", "http://www.yghost.com/"
"964", "yisp Netherlands", "yisp_netherlands", "http://yisp.nl/"
"965", "Ykoon B.V.", "ykoon_b-v", "https://www.ykoon.nl/"
"966", "YourColo", "yourcolo", "http://yourcolo.com/"
"967", "Yourserver Sweden", "yourserver_sweden", "https://www.yourserver.se/"
"968", "Zenlayer", "zenlayer", "http://www.zenlayer.com/"
"969", "ZET servers Romania", "zet_servers_romania", "https://zetservers.com/"
"970", "Zoho Corporation Pvt. Ltd.", "zoho", "https://www.zohocorp.com/"
"971", "ZonerHost", "zonerhost", "https://www.zonerhost.com/"
