"id", "brand_code", "brand_url", "icon", "icon_big", "brand"
"1", "3q", "http://www.3q-int.com/", "3q.png", "3q_big.png", "3Q"
"2", "a-rival", "", "brand.png", "", "a-rival"
"3", "a-c-ryan", "", "brand.png", "", "A.C. Ryan"
"4", "aaeon", "", "brand.png", "", "Aaeon"
"5", "acer", "http://www.acer.com/", "acer.png", "acer_big.png", "Acer"
"6", "acho", "", "brand.png", "", "Acho"
"7", "advan", "http://advandigital.com/", "advan.png", "", "Advan"
"8", "advent", "", "brand.png", "", "Advent"
"9", "ag_mobile", "http://www.agmobileafrica.com/", "ag_mobile.png", "", "AG Mobile"
"10", "aigo", "", "brand.png", "", "aigo"
"11", "aikun", "", "brand.png", "", "Aikun"
"12", "ainovo", "http://www.ainol.com/", "ainovo.png", "ainovo_big.png", "Ainovo (Ainol)"
"13", "airis", "http://www.airis-computer.com/", "airis.png", "", "Airis"
"14", "akai", "http://akai.com/", "akai.png", "", "AKAI"
"15", "alcatel", "http://www.alcatel.com/", "alcatel.png", "alcatel_big.png", "Alcatel"
"16", "alcor", "http://www.alcordigital.hu/", "alcor.png", "", "Alcor"
"17", "allview", "http://allviewmobile.com/", "allview.png", "allview_big.png", "Allview"
"18", "allwinner", "http://www.allwinnertech.com/", "allwinner.png", "", "AllWinner"
"19", "aluratek", "", "brand.png", "", "Aluratek"
"20", "amazon", "http://www.amazon.com/", "amazon.png", "amazon_big.png", "Amazon"
"21", "amd", "", "brand.png", "", "AMD"
"22", "amicroe", "", "brand.png", "", "Amicroe"
"23", "amlogic", "", "brand.png", "", "Amlogic"
"24", "amoi", "http://www.amoi.com.cn/", "amoi.png", "", "Amoi"
"25", "anydata", "http://anydata.co.kr/", "anydata.png", "anydata_big.png", "AnyDATA"
"26", "aoc", "http://www.aoc.com/", "brand.png", "", "AOC"
"27", "aole", "", "brand.png", "", "Aole"
"28", "aoson", "http://www.szaoson.com/", "brand.png", "", "Aoson"
"29", "apanda", "", "brand.png", "", "Apanda"
"30", "apollo", "", "brand.png", "", "Apollo"
"31", "apple", "http://www.apple.com/", "apple.png", "apple_big.png", "Apple"
"32", "aprix", "", "brand.png", "", "Aprix"
"33", "archos", "http://www.archos.com/", "archos.png", "archos_big.png", "Archos"
"34", "arm", "", "brand.png", "", "ARM"
"35", "artes", "", "brand.png", "", "Artes"
"36", "artview", "", "brand.png", "", "Artview"
"37", "arya", "", "brand.png", "", "Arya"
"38", "ask", "", "brand.png", "", "ASK"
"39", "astone", "", "brand.png", "", "Astone"
"40", "astri", "", "brand.png", "", "ASTRI"
"41", "asus", "https://www.asus.com/", "asus.png", "asus_big.png", "Asus"
"42", "at_and_t", "", "brand.png", "", "AT&T"
"43", "atmel", "", "brand.png", "", "Atmel"
"44", "audiosonic", "", "brand.png", "", "AudioSonic"
"45", "aux", "", "brand.png", "", "AUX"
"46", "avea", "http://www.avea.com.tr/", "avea.png", "", "Avea"
"47", "axioo", "http://www.axiooworld.com/", "axioo.png", "", "Axioo"
"48", "axtrom", "", "brand.png", "", "Axtrom"
"49", "azhuo", "", "brand.png", "", "Azhuo"
"50", "azumi", "http://www.azumi-mobile.com/", "azumi.png", "", "Azumi"
"51", "b_box", "", "brand.png", "", "B box"
"52", "bangh", "", "brand.png", "", "Banghó"
"53", "barnes_and_noble", "http://www.barnesandnoble.com/", "barnes_and_noble.png", "barnes_and_noble_big.png", "Barnes & Noble"
"54", "base", "", "brand.png", "", "BASE"
"55", "bauhn", "", "brand.png", "", "Bauhn"
"56", "beagleboard", "", "brand.png", "", "BeagleBoard"
"57", "bedove", "", "brand.png", "", "Bedove"
"58", "bee_mobile", "", "brand.png", "", "Bee Mobile"
"59", "beeline", "https://beeline.am/", "beeline.png", "", "Beeline"
"60", "bellefonte", "", "brand.png", "", "Bellefonte"
"61", "benq", "http://www.benq.com/", "benq.png", "benq_big.png", "BenQ"
"62", "benwee", "", "brand.png", "", "BenWee"
"63", "bephone", "", "brand.png", "", "BePhone"
"64", "best_sonny", "", "brand.png", "", "Best Sonny"
"65", "bfb", "", "brand.png", "", "BFB"
"66", "bifer", "", "brand.png", "", "Bifer"
"67", "bird", "http://www.chinabird.com/", "bird.png", "", "Bird"
"68", "blackberry", "http://www.blackberry.com/", "blackberry.png", "blackberry_big.png", "BlackBerry"
"69", "blaupunkt", "http://www.blaupunkt.com/", "blaupunkt.png", "", "Blaupunkt"
"70", "blu", "http://bluproducts.com/", "blu.png", "blu_big.png", "BLU"
"71", "bluebo", "", "brand.png", "", "BlueBo"
"72", "bluestacks", "http://www.bluestacks.com/", "bluestacks.png", "", "BlueStacks"
"73", "bmobile", "http://b-mobile.com/", "bmobile.png", "", "Bmobile"
"74", "bmorn", "", "brand.png", "", "Bmorn"
"75", "bogo", "", "brand.png", "", "Bogo"
"76", "boundary_devices", "", "brand.png", "", "Boundary Devices"
"77", "bouygues", "https://www.bouyguestelecom.fr/", "bouygues.png", "", "Bouygues"
"78", "bovo", "", "brand.png", "", "Bovo"
"79", "boway", "http://www.boway.com/", "boway.png", "", "Boway"
"80", "bq", "https://www.bq.com/", "bq.png", "bq_big.png", "bq"
"81", "broadcom", "https://www.broadcom.com/", "broadcom.png", "", "Broadcom"
"82", "broadsign", "", "brand.png", "", "BroadSign"
"83", "bror", "", "brand.png", "", "BROR"
"85", "camangi", "", "brand.png", "", "Camangi"
"86", "captiva", "", "brand.png", "", "Captiva"
"87", "carpad", "", "brand.png", "", "Carpad"
"88", "carrefour", "http://www.carrefour.com/", "carrefour.png", "", "Carrefour"
"89", "casio", "http://www.casio.com/", "casio.png", "", "Casio"
"90", "casper", "http://www.casper.com.tr/", "casper.png", "", "Casper"
"91", "cat", "http://www.catphones.com/", "cat.png", "", "CAT"
"92", "celkon", "http://www.celkonmobiles.com/", "celkon.png", "celkon_big.png", "Celkon"
"93", "changhong", "http://www.changhong.com/", "changhong.png", "", "ChangHong"
"94", "cher", "", "brand.png", "", "Cher"
"96", "cherry_mobile", "http://www.cherrymobile.com.ph/", "cherry_mobile.png", "cherry_mobile_big.png", "Cherry Mobile"
"97", "chili", "", "brand.png", "", "Chili"
"98", "china_tablet", "", "brand.png", "", "China Tablet"
"99", "chinaleap", "", "brand.png", "", "chinaleap"
"100", "chiva", "", "brand.png", "", "Chiva"
"101", "chuwi", "http://www.chuwi.com/", "chuwi.png", "", "Chuwi"
"102", "cisco", "http://www.cisco.com/", "cisco.png", "", "Cisco"
"103", "citycall", "", "brand.png", "", "Citycall"
"104", "clarion", "", "brand.png", "", "Clarion"
"105", "cloudfone", "http://cloudfone.com.ph/", "cloudfone.png", "", "Cloudfone"
"106", "cmx", "", "brand.png", "", "CMX"
"107", "cnm", "", "brand.png", "", "CnM"
"108", "coby", "http://www.coby.com.ph/", "coby.png", "", "Coby"
"109", "codegen", "", "brand.png", "", "Codegen"
"110", "colorfly", "http://www.colorfly.eu/", "colorfly.png", "", "Colorfly"
"111", "colors", "http://www.colors-mobile.com/", "colors.png", "", "Colors"
"112", "commodore", "", "brand.png", "", "Commodore"
"113", "commtiva", "http://www.commtiva.com/", "commtiva.png", "", "Commtiva"
"114", "concorde", "http://www.concordemobiles.com/", "concorde.png", "", "ConCorde"
"115", "connspeed", "", "brand.png", "", "Connspeed"
"116", "coolgen", "", "brand.png", "", "Coolgen"
"117", "coolpad", "http://www.coolpad.eu/", "coolpad.png", "coolpad_big.png", "Coolpad"
"119", "creative", "", "brand.png", "", "Creative"
"120", "cresta", "", "brand.png", "", "Cresta"
"121", "cross", "https://id.wikipedia.org/wiki/Evercoss#Cross_Mobile", "cross.png", "", "Cross"
"122", "crypto", "", "brand.png", "", "Crypto"
"123", "cube", "http://www.51cube.com/", "cube.png", "", "Cube"
"124", "cubot", "http://www.cubot.net/", "cubot.png", "", "Cubot"
"125", "curtis", "", "brand.png", "", "Curtis"
"126", "cydle", "", "brand.png", "", "Cydle"
"127", "cyrus", "http://www.cyrus-technology.de/", "cyrus.png", "", "Cyrus"
"128", "d2pad", "http://www.d2pad.info/", "brand.png", "", "D2pad"
"129", "dakele", "", "brand.png", "", "Dakele"
"130", "dany", "", "brand.png", "", "Dany"
"131", "dark", "", "brand.png", "", "Dark"
"132", "dasan", "", "brand.png", "", "Dasan"
"133", "dell", "http://www.dell.com/", "dell.png", "dell_big.png", "Dell"
"134", "denver", "http://www.denver-electronics.com/", "denver.png", "", "Denver"
"135", "deovo", "", "brand.png", "", "deovo"
"136", "desay", "", "brand.png", "", "Desay"
"137", "dialog", "https://www.dialog.lk/", "dialog.png", "", "Dialog"
"138", "difrnce", "", "brand.png", "", "Difrnce"
"139", "digma", "http://digma.ru/", "digma.png", "", "Digma"
"140", "disgo", "", "brand.png", "", "Disgo"
"141", "dishtv", "", "brand.png", "", "DishTV"
"142", "disney_mobile", "http://www.disneyinteractive.com/", "disney_mobile.png", "", "Disney Mobile"
"143", "djc", "", "brand.png", "", "DJC"
"144", "dns", "http://www.dns-shop.ru/", "dns.png", "", "DNS"
"145", "docomo", "https://www.nttdocomo.co.jp/", "docomo.png", "", "Docomo"
"146", "domod", "", "brand.png", "", "Domod"
"147", "doogee", "http://www.doogee.cc/", "doogee.png", "", "Doogee"
"148", "doov", "http://www.doov.com.cn/", "doov.png", "", "DOOV"
"149", "doro", "http://www.doro.co.uk/", "doro.png", "", "Doro"
"150", "double_power", "", "brand.png", "", "Double Power"
"151", "dps", "", "brand.png", "", "DPS"
"152", "dyno", "", "brand.png", "", "Dyno"
"153", "e-boda", "http://www.e-boda.ro/", "brand.png", "", "E-Boda"
"154", "e-tel", "http://www.etel.lk/", "etel.png", "", "E-tel"
"155", "eben", "", "brand.png", "", "EBEN"
"156", "ebest", "", "brand.png", "", "EBEST"
"157", "elijah", "", "brand.png", "", "Elijah"
"158", "empire_electronix", "", "brand.png", "", "Empire Electronix"
"159", "enspire", "", "brand.png", "", "Enspire"
"160", "entourage", "", "brand.png", "", "EnTourage"
"161", "epad", "http://www.getepad.com/", "brand.png", "", "EPad"
"162", "epade", "", "brand.png", "", "epade"
"163", "equiso", "", "brand.png", "", "Equiso"
"164", "estar", "http://www.estar.eu/", "estar.png", "", "eSTAR"
"165", "eston", "", "brand.png", "", "Eston"
"166", "etisalat", "http://www.etisalat.ae/", "etisalat.png", "", "Etisalat"
"167", "everest", "", "brand.png", "", "Everest"
"168", "evertek", "http://www.evertek.com.tn/", "evertek.png", "", "Evertek"
"169", "evoke", "", "brand.png", "", "Evoke"
"170", "exper", "", "brand.png", "", "Exper"
"171", "explay", "http://explay-mobile.ru/", "explay.png", "explay_big.png", "Explay"
"172", "ezcast", "", "brand.png", "", "Ezcast"
"173", "f_and_u", "", "brand.png", "", "F&U"
"174", "fareastone", "http://www.fetnet.net/", "fareastone.png", "", "FarEasTone"
"175", "fdt", "", "brand.png", "", "FDT"
"176", "feiteng", "", "brand.png", "", "Feiteng"
"177", "fhd", "", "brand.png", "", "FHD"
"178", "fih", "http://www.fihmb.com/", "brand.png", "", "FIH"
"179", "flipkart", "", "brand.png", "", "Flipkart"
"180", "fly", "http://www.fly-phone.com/", "fly.png", "fly_big.png", "Fly"
"181", "flying", "", "brand.png", "", "Flying"
"182", "flytouch", "", "brand.png", "", "Flytouch"
"183", "fnac", "", "brand.png", "", "Fnac"
"184", "fnf", "http://www.ifive.com.cn/", "fnf.png", "", "FNF"
"185", "freelander", "", "brand.png", "", "Freelander"
"186", "freescale", "", "brand.png", "", "Freescale"
"187", "fuhu", "http://www.fuhu.com/", "fuhu.png", "", "Fuhu"
"188", "fujitsu", "http://www.fujitsu.com/", "fujitsu.png", "fujitsu_big.png", "Fujitsu"
"190", "gateway", "", "brand.png", "", "Gateway"
"191", "geeksphone", "", "brand.png", "", "Geeksphone"
"192", "gemei", "", "brand.png", "", "Gemei"
"193", "gemini", "", "brand.png", "", "Gemini"
"194", "genesis", "", "brand.png", "", "Genesis"
"195", "geniatech", "", "brand.png", "", "Geniatech"
"196", "genius", "", "brand.png", "", "Genius"
"197", "gfive", "http://gfive.com.pk/", "gfive.png", "", "GFive"
"198", "ghia", "", "brand.png", "", "Ghia"
"199", "gigabyte", "http://www.gigabyte.com/", "gigabyte.png", "gigabyte_big.png", "Gigabyte"
"200", "gigaset", "http://www.gigaset.com/", "gigaset.png", "", "Gigaset"
"201", "gionee", "http://www.gionee.com/", "gionee.png", "gionee_big.png", "Gionee"
"202", "globusgps", "", "brand.png", "", "GlobusGPS"
"203", "glx", "", "brand.png", "", "GLX"
"204", "goclever", "http://www.goclever.com/", "goclever.png", "goclever_big.png", "GOCLEVER"
"205", "golive", "", "brand.png", "", "GoLive"
"206", "google", "https://www.google.com/", "google.png", "google_big.png", "Google"
"207", "goophone", "http://www.goophoneshops.com/", "brand.png", "", "Goophone"
"208", "gpad", "", "brand.png", "", "Gpad"
"209", "greenorange", "", "brand.png", "", "GreenOrange"
"210", "grundig", "http://www.grundig.com/", "grundig.png", "", "Grundig"
"211", "guohong", "", "brand.png", "", "Guohong"
"212", "gvon", "", "brand.png", "", "Gvon"
"213", "haier", "http://www.haier.com/", "haier.png", "haier_big.png", "Haier"
"214", "haipai", "", "brand.png", "", "Haipai"
"215", "hannspree", "http://www.hannspree.eu/", "hannspree.png", "", "Hannspree"
"216", "hardkernel", "", "brand.png", "", "Hardkernel"
"218", "hcl", "", "brand.png", "", "HCL"
"219", "hedy", "", "brand.png", "", "Hedy"
"220", "hero", "", "brand.png", "", "Hero"
"221", "hi-level", "", "brand.png", "", "Hi-Level"
"222", "hi-tech", "http://www.hitech-mobiles.com/", "hitech.png", "", "HITECH"
"223", "highscreen", "http://highscreen.ru/", "highscreen.png", "", "Highscreen"
"224", "hike", "", "brand.png", "", "HIKe"
"225", "hilive", "", "brand.png", "", "Hilive"
"226", "hipstreet", "https://www.hipstreet.com/", "hipstreet.png", "", "Hipstreet"
"227", "hisense", "http://www.hisense.com/", "hisense.png", "hisense_big.png", "Hisense"
"228", "hito", "", "brand.png", "", "Hito"
"229", "hkphone", "", "brand.png", "", "HKPhone"
"230", "honeywell", "http://honeywell.com/", "honeywell.png", "", "Honeywell"
"231", "hosin", "", "brand.png", "", "Hosin"
"232", "hp", "http://www.hp.com/", "hp.png", "hp_big.png", "HP"
"233", "htc", "http://www.htc.com/", "htc.png", "htc_big.png", "HTC"
"234", "huawei", "http://www.huawei.com/", "huawei.png", "huawei_big.png", "Huawei"
"235", "hyundai", "http://www.hyundai.com/", "hyundai.png", "hyundai_big.png", "Hyundai"
"236", "i-mobile", "http://www.i-mobilephone.com/", "i-mobile.png", "i-mobile_big.png", "i-Mobile"
"237", "iball", "http://www.iball.co.in/", "iball.png", "iball_big.png", "iBall"
"238", "iberry", "http://iberry.asia/", "brand.png", "", "iBerry"
"239", "iconbit", "http://www.iconbit.com/", "iconbit.png", "iconbit_big.png", "IconBit"
"240", "icoo", "", "brand.png", "", "Icoo"
"241", "idea", "", "brand.png", "", "Idea"
"243", "iida", "", "brand.png", "", "iida"
"245", "imo", "http://www.ponselimo.com/", "brand.png", "", "IMO"
"246", "impression", "https://web.archive.org/web/*//www.leaderinternationalinc.com/impression/index.php", "brand.png", "", "Impression"
"247", "imuz", "", "brand.png", "", "iMuz"
"248", "inew", "http://www.inewphone.com/", "inew.png", "", "iNew"
"249", "infinix", "http://infinixmobility.com/", "infinix.png", "", "Infinix"
"250", "infocus", "http://www.infocusindia.co.in/", "infocus.png", "infocus_big.png", "InFocus"
"251", "infotmic", "", "brand.png", "", "Infotmic"
"252", "inhon", "http://www.inhon.com/", "inhon.png", "", "Inhon"
"253", "innos", "", "brand.png", "", "Innos"
"255", "insignia", "http://www.insigniaproducts.com/", "insignia.png", "", "Insignia"
"256", "intel", "http://www.intel.com/", "intel.png", "", "Intel"
"257", "intex", "http://www.intex.in/", "intex.png", "", "Intex"
"258", "ipro", "http://www.iprochina.com/", "brand.png", "", "IPRO"
"259", "iriver", "http://www.iriver.com/", "brand.png", "", "iRiver"
"260", "isa", "", "brand.png", "", "ISA"
"261", "ivio", "", "brand.png", "", "Ivio"
"262", "jiayu", "http://www.jiayu-store.com/", "jiayu.png", "jiayu_big.png", "Jiayu"
"263", "jolla", "https://jolla.com/", "jolla.png", "", "Jolla"
"264", "joy-it", "", "brand.png", "", "Joy-IT"
"265", "jugate", "", "brand.png", "", "Jugate"
"266", "juicell", "", "brand.png", "", "JuiCell"
"267", "jxd", "", "brand.png", "", "JXD"
"268", "k-touch", "http://www.ktouch.in/", "k-touch.png", "k-touch_big.png", "K-Touch"
"269", "kakatech", "", "brand.png", "", "KakaTech"
"270", "karbonn", "http://www.karbonnmobiles.com/", "karbonn.png", "karbonn_big.png", "Karbonn"
"271", "kazam", "https://www.kazam.mobi/", "kazam.png", "", "KAZAM"
"272", "keneksi", "http://keneksi.com/", "keneksi.png", "", "KENEKSI"
"273", "kk", "", "brand.png", "", "KK"
"274", "kobo", "", "brand.png", "", "Kobo"
"275", "kocaso", "", "brand.png", "", "KOCASO"
"276", "kogan", "", "brand.png", "", "Kogan"
"277", "konka", "http://www.konka.com/", "konka.png", "", "Konka"
"278", "koobe", "", "brand.png", "", "Koobe"
"279", "koobee", "http://www.koobeemobile.com/", "koobee.png", "", "koobee"
"280", "kpn", "", "brand.png", "", "KPN"
"281", "kpt", "", "brand.png", "", "KPT"
"282", "kttech", "http://www.kttech.co.kr/", "brand.png", "", "KT Tech"
"283", "kurio", "http://www.kurioworld.com/", "kurio.png", "", "Kurio"
"284", "kyobo", "", "brand.png", "", "Kyobo"
"285", "kyocera", "http://www.kyocera.com/", "kyocera.png", "kyocera_big.png", "Kyocera"
"286", "lanix", "http://www.lanixmobile.com/", "lanix.png", "lanix_big.png", "LANIX"
"287", "lark", "http://www.lark.com.pl/", "lark.png", "", "Lark"
"288", "lava", "http://www.lavamobiles.com/", "lava.png", "lava_big.png", "Lava"
"289", "lavios", "", "brand.png", "", "Lavios"
"290", "le_pan", "", "brand.png", "", "Le Pan"
"291", "leepoo", "", "brand.png", "", "Leepoo"
"292", "lenco", "", "brand.png", "", "Lenco"
"293", "lenovo", "http://www.lenovo.com/", "lenovo.png", "lenovo_big.png", "Lenovo"
"294", "lephone", "", "brand.png", "", "Lephone"
"295", "lg", "http://www.lg.com/", "lg.png", "lg_big.png", "LG"
"296", "m-tech", "http://mtechinfo.in/", "brand.png", "", "M-Tech"
"297", "m4tel", "http://www.m4tel.com/", "m4tel.png", "", "M4Tel"
"298", "majestic", "http://www.newmajestic.com/", "majestic.png", "", "Majestic"
"299", "malata", "http://malatamobile.com/", "brand.png", "", "Malata"
"300", "manta", "", "brand.png", "", "Manta"
"302", "masstel", "http://masstel.vn/", "brand.png", "", "Masstel"
"303", "mastone", "", "brand.png", "", "Mastone"
"304", "maxsun", "", "brand.png", "", "Maxsun"
"305", "maxtron", "", "brand.png", "", "Maxtron"
"306", "maylong", "", "brand.png", "", "Maylong"
"307", "mbx", "", "brand.png", "", "MBX"
"308", "mediacom", "http://mediacomindia.in/", "mediacom.png", "", "Mediacom"
"309", "mediadroid", "", "brand.png", "", "Mediadroid"
"310", "mediatek", "http://www.mediatek.com/", "brand.png", "", "Mediatek"
"311", "medion", "http://www.medion.com/", "medion.png", "", "Medion"
"312", "meeg", "", "brand.png", "", "MEEG"
"313", "meizu", "http://www.meizu.com/", "meizu.png", "", "Meizu"
"314", "memup", "", "brand.png", "", "Memup"
"315", "meo", "", "brand.png", "", "MEO"
"316", "micromax", "http://www.micromaxinfo.com/", "micromax.png", "micromax_big.png", "Micromax"
"317", "minix", "http://minix.com.hk/", "minix.png", "minix_big.png", "Minix"
"318", "mitac", "", "brand.png", "", "Mitac"
"319", "miz", "", "brand.png", "", "Miz"
"320", "mls", "http://www.mls.gr/", "mls.png", "", "MLS"
"321", "mobell", "", "brand.png", "", "Mobell"
"322", "mobiistar", "http://www.mobiistar.vn/", "mobiistar.png", "", "Mobiistar"
"323", "mobile_in_style", "", "brand.png", "", "Mobile In Style"
"324", "mobistel", "http://www.mobistel.com/", "brand.png", "", "Mobistel"
"325", "moche", "", "brand.png", "", "Moche"
"326", "modecom", "http://www.modecom.eu/", "modecom.png", "", "Modecom"
"327", "mogu", "", "brand.png", "", "Mogu"
"328", "moii", "", "brand.png", "", "moii"
"329", "moinstone", "", "brand.png", "", "Moinstone"
"330", "moral", "", "brand.png", "", "Moral"
"331", "motorola", "http:/www.motorola.com/", "motorola.png", "motorola_big.png", "Motorola"
"332", "movistar", "", "brand.png", "", "Movistar"
"333", "msi", "https://www.msi.com/", "msi.png", "msi_big.png", "MSI"
"334", "mstar", "", "brand.png", "", "MStar"
"335", "mtc", "http://www.mtc.com.na/", "brand.png", "", "MTC"
"336", "mts", "", "brand.png", "", "MTS"
"337", "multilaser", "http://www.multilaser.com.br/", "multilaser.png", "", "Multilaser"
"338", "myphone", "http://www.myphone.pl/", "myphone.png", "myphone_big.png", "MyPhone"
"339", "mysaga", "", "brand.png", "", "Mysaga"
"340", "my|eebo", "", "brand.png", "", "MY|eebo"
"341", "nec", "http://www.nec.com/", "nec.png", "nec_big.png", "NEC"
"342", "neken", "", "brand.png", "", "Neken"
"343", "neo", "", "brand.png", "", "NEO"
"344", "newman", "", "brand.png", "", "Newman"
"345", "newsmy", "", "brand.png", "", "Newsmy"
"346", "nexian", "http://www.nexian.co.id/", "nexian.png", "", "Nexian"
"347", "nextbook", "http://www.nextbookusa.com/", "nextbook.png", "", "Nextbook"
"348", "ngm", "http://www.ngm.eu/", "ngm.png", "ngm_big.png", "NGM"
"349", "ninetology", "", "brand.png", "", "Ninetology"
"350", "no-1", "", "brand.png", "", "No.1"
"351", "noain", "", "brand.png", "", "Noain"
"352", "noblex", "http://www.noblex.com.ar/", "noblex.png", "", "Noblex"
"353", "nokia", "http://www.nokia.com/", "nokia.png", "nokia_big.png", "Nokia"
"354", "notion_ink", "", "brand.png", "", "Notion Ink"
"355", "ntt", "", "brand.png", "", "NTT"
"356", "nufront", "", "brand.png", "", "Nufront"
"357", "nugen", "", "brand.png", "", "NUgen"
"358", "nuqleo", "", "brand.png", "", "Nuqleo"
"359", "nvidia", "http://www.nvidia.com/", "nvidia.png", "nvidia_big.png", "Nvidia"
"360", "nvsbl", "", "brand.png", "", "Nvsbl"
"361", "nyx_mobile", "", "nyxmobile.png", "", "NYX Mobile"
"362", "o_plus", "http://www.oplususa.com/", "o_plus.png", "", "O+"
"363", "o2", "http://www.o2.com/", "o2.png", "", "O2"
"364", "oblio", "", "brand.png", "", "Oblio"
"365", "odys", "https://www.odys.de/", "odys.png", "", "Odys"
"366", "olivetti", "http://www.olivetti.com/", "olivetti.png", "", "Olivetti"
"367", "onda", "http://www.ondacommunication.com/", "onda.png", "", "Onda"
"368", "oneplus", "https://oneplus.net/", "oneplus.png", "", "OnePlus"
"369", "onn", "", "brand.png", "", "ONN"
"370", "opad", "", "brand.png", "", "Opad"
"371", "oppo", "http://www.oppo.com/", "oppo.png", "oppo_big.png", "Oppo"
"372", "opsson", "http://opssonnigeria.com/", "brand.png", "", "Opsson"
"373", "optimus", "", "brand.png", "", "Optimus"
"374", "orange", "http://www.orange.com/", "orange.png", "orange_big.png", "Orange"
"375", "oregon_scientific", "", "brand.png", "", "Oregon Scientific"
"376", "overmax", "http://www.overmax.eu/", "overmax.png", "", "Overmax"
"377", "packard_bell", "http://www.packardbell.com/", "packard_bell.png", "", "Packard Bell"
"378", "palm", "https://en.wikipedia.org/wiki/Palm,_Inc.", "palm.png", "palm_big.png", "Palm"
"379", "panasonic", "http://www.panasonic.com/", "panasonic.png", "panasonic_big.png", "Panasonic"
"380", "pandaboard", "", "brand.png", "", "Pandaboard"
"381", "pandigital", "http://www.pandigital.net/", "brand.png", "", "Pandigital"
"382", "pantech", "http://pantech.com/", "pantech.png", "pantech_big.png", "Pantech"
"383", "parrot", "http://www.parrot.com/", "parrot.png", "", "Parrot"
"384", "pearl", "", "brand.png", "", "Pearl"
"385", "pegatron", "", "brand.png", "", "Pegatron"
"386", "pendo", "http://www.pendo.com.au/", "brand.png", "", "Pendo"
"387", "penta", "", "brand.png", "", "Penta"
"388", "pentagram", "http://www.pentagram.pl/", "pentagram.png", "", "Pentagram"
"389", "perfeo", "", "brand.png", "", "Perfeo"
"390", "phicomm", "http://phicomm.in/", "phicomm.png", "", "Phicomm"
"391", "philips", "http://www.philips.com/", "philips.png", "philips_big.png", "Philips"
"392", "pidion", "", "brand.png", "", "Pidion"
"393", "pioneer", "http://www.pioneerelectronics.com/", "pioneer.png", "", "Pioneer"
"394", "pipo", "", "brand.png", "", "PiPO"
"395", "piranha", "http://piranha.com.tr/", "piranha.png", "", "Piranha"
"396", "pixcom", "", "brand.png", "", "Pixcom"
"397", "ployer", "http://ployer.cn/", "ployer.png", "", "Ployer"
"398", "pocketbook", "", "brand.png", "", "PocketBook"
"399", "point_of_view", "http://www.pointofview.eu/", "point_of_view.png", "point_of_view_big.png", "Point Of View"
"400", "polaroid", "http://www.polaroid.com/", "polaroid.png", "polaroid_big.png", "Polaroid"
"401", "polypad", "", "brand.png", "", "Polypad"
"402", "polytron", "https://www.polytron.co.id/", "brand.png", "", "Polytron"
"403", "pomp", "", "brand.png", "", "POMP"
"404", "poptronix", "", "brand.png", "", "Poptronix"
"405", "positivo", "http://www.positivo.com.br/", "positivo.png", "positivo_big.png", "Positivo"
"406", "prestigio", "http://www.prestigio.com/", "prestigio.png", "prestigio_big.png", "Prestigio"
"407", "probook", "", "brand.png", "", "Probook"
"408", "prolink", "", "brand.png", "", "Prolink"
"409", "proscan", "http://www.proscanvideo.com/", "proscan.png", "", "Proscan"
"411", "qilive", "http://www.qilive.com/", "qilive.png", "", "QiLive"
"412", "qualcomm", "https://www.qualcomm.com/", "qualcomm.png", "", "Qualcomm"
"413", "quantum", "http://quantum-q.com/", "brand.png", "", "Quantum"
"414", "qware", "http://qware.nl/", "qware.png", "", "Qware"
"415", "ramos", "http://www.ramos.com.cn/", "ramos.png", "", "Ramos"
"416", "rayhov", "", "brand.png", "", "Rayhov"
"417", "readboy", "http://www.readboy.com.my/", "brand.png", "", "Readboy"
"418", "reeder", "", "brand.png", "", "Reeder"
"419", "rikomagic", "", "brand.png", "", "Rikomagic"
"421", "ritmix", "http://www.ritmixrussia.ru/", "ritmix.png", "", "Ritmix"
"422", "rockchip", "http://www.rock-chips.com/", "brand.png", "", "Rockchip"
"423", "ross_and_moor", "http://rossmoor.ru/", "brand.png", "", "Ross&Moor"
"424", "roverpad", "", "brand.png", "", "Roverpad"
"425", "saayi", "", "brand.png", "", "Saayi"
"426", "salora", "", "brand.png", "", "Salora"
"427", "sambao", "", "brand.png", "", "Sambao"
"428", "samsung", "http://www.samsung.com/", "samsung.png", "samsung_big.png", "Samsung"
"429", "senseit", "http://www.senseit.ru/", "senseit.png", "", "Senseit"
"430", "senwa", "http://www.senwamobile.com/", "senwa.png", "", "Senwa"
"431", "serioux", "", "brand.png", "", "Serioux"
"432", "sfr", "http://www.sfr.fr/", "sfr.png", "", "SFR"
"433", "shanda", "", "brand.png", "", "Shanda"
"434", "sharp", "http://www.sharp-world.com/", "sharp.png", "sharp_big.png", "Sharp"
"435", "sigma_designs", "http://www.sigmadesigns.com/", "sigma_designs.png", "", "Sigma Designs"
"436", "sigma_mobile", "http://sigmamobile.net/", "sigma_mobile.png", "", "Sigma Mobile"
"437", "simmtronics", "", "brand.png", "", "Simmtronics"
"438", "simvalley", "", "brand.png", "", "Simvalley"
"439", "skyworth", "", "skyworth.png", "", "Skyworth"
"440", "smartbitt", "", "brand.png", "", "Smartbitt"
"441", "smartfren", "http://www.smartfren.com/", "smartfren.png", "smartfren_big.png", "Smartfren"
"442", "smartq", "", "brand.png", "", "SmartQ"
"443", "socketeq", "", "brand.png", "", "SocketeQ"
"444", "sonim", "http://www.sonimtech.com/", "brand.png", "", "Sonim"
"445", "sony", "http://www.sony.com/", "sony.png", "sony_big.png", "Sony"
"446", "sony_ericsson", "http://www.sonymobile.com/", "sony_ericsson.png", "sony_ericsson_big.png", "Sony Ericsson"
"447", "spice", "http://www.spicemobiles.com/", "spice.png", "spice_big.png", "Spice"
"448", "st_ericsson", "", "brand.png", "", "ST Ericsson"
"449", "star", "", "brand.png", "", "Star"
"450", "starmobile", "http://www.starmobile.ph/", "starmobile.png", "", "Starmobile"
"451", "starway", "", "brand.png", "", "Starway"
"452", "storage_options", "", "brand.png", "", "Storage Options"
"453", "storex", "http://storex.fr/", "storex.png", "", "Storex"
"454", "strong", "", "brand.png", "", "Strong"
"455", "sumvision", "", "brand.png", "", "Sumvision"
"456", "superpad", "", "brand.png", "", "Superpad"
"457", "supersonic", "", "brand.png", "", "Supersonic"
"458", "supra", "", "brand.png", "", "SUPRA"
"459", "swipe", "http://justswipe.com/", "swipe.png", "", "Swipe"
"460", "sylvania", "https://www.sylvania.com/", "sylvania.png", "", "Sylvania"
"461", "symphony", "https://symphony-mobile.com/", "symphony.png", "symphony_big.png", "Symphony"
"462", "synrgic", "", "brand.png", "", "Synrgic"
"463", "szenio", "http://szenio.es/", "szenio.png", "", "Szenio"
"464", "t-mobile", "http://www.telekom.com/", "t-mobile.png", "t-mobile_big.png", "T-Mobile"
"465", "t-smart", "", "brand.png", "", "T-smart"
"466", "tabra", "", "brand.png", "", "Tabra"
"467", "tcl", "http://www.tcl.com/", "tcl.png", "tcl_big.png", "TCL"
"468", "techtab", "", "brand.png", "", "Techtab"
"469", "teclast", "http://www.teclast.com/", "teclast.png", "teclast_big.png", "Teclast"
"470", "tecno", "https://www.tecno-mobile.com/", "tecno.png", "tecno_big.png", "Tecno"
"471", "tegatech", "", "brand.png", "", "Tegatech"
"473", "telechips", "", "brand.png", "", "Telechips"
"474", "telefunken", "", "brand.png", "", "Telefunken"
"475", "telenor", "http://www.telenor.com/", "brand.png", "", "Telenor"
"476", "telpad", "", "brand.png", "", "Telpad"
"477", "telsda", "", "brand.png", "", "Telsda"
"478", "texas_instruments", "http://www.ti.com/", "texas_instruments.png", "", "Texas Instruments"
"479", "texet", "http://www.texet.ru/", "texet.png", "", "teXet"
"480", "thl", "http://thl.com.cn/", "thl.png", "thl_big.png", "THL"
"481", "thomson", "http://www.thomsonconsumer.com/", "thomson.png", "", "Thomson"
"482", "tizzbird", "", "brand.png", "", "TizzBird"
"483", "tmn", "", "brand.png", "", "TMN"
"484", "tolino", "", "brand.png", "", "Tolino"
"485", "tomtec", "", "brand.png", "", "Tomtec"
"486", "tomtom", "https://www.tomtom.com/", "tomtom.png", "", "TomTom"
"487", "tooky", "", "brand.png", "", "Tooky"
"488", "toradex", "", "brand.png", "", "Toradex"
"489", "toshiba", "http://www.toshiba.com/", "toshiba.png", "toshiba_big.png", "Toshiba"
"490", "touch+", "http://www.touch-la.com/", "brand.png", "", "Touch+"
"491", "trekstor", "http://www.trekstor.de/", "trekstor.png", "", "Trekstor"
"492", "treq", "", "brand.png", "", "Treq"
"493", "trident", "", "brand.png", "", "Trident"
"494", "true", "http://truecorp.co.th/", "brand.png", "", "True"
"495", "turbo-x", "http://www.plaisio.gr/", "brand.png", "", "Turbo-X"
"496", "turkcell", "http://www.turkcell.com.tr/", "turkcell.png", "", "Turkcell"
"497", "twm", "http://www.taiwanmobile.com/", "twm.png", "", "TWM"
"498", "ubuntu", "http://www.ubuntu.com/", "ubuntu.png", "", "Ubuntu"
"499", "umi", "http://www.umidigi.com/", "umi.png", "", "UMI"
"500", "uniscope", "http://www.uniscope.com.cn/", "brand.png", "", "Uniscope"
"501", "unitech", "", "brand.png", "", "Unitech"
"502", "united_star_technology", "", "brand.png", "", "United Star Technology"
"503", "unusual", "", "brand.png", "", "Unusual"
"504", "uoogou", "", "brand.png", "", "Uoogou"
"505", "usmart", "", "brand.png", "", "USmart"
"506", "utime", "", "brand.png", "", "UTime"
"507", "velocity_micro", "", "brand.png", "", "Velocity Micro"
"509", "versus", "", "brand.png", "", "Versus"
"510", "vertu", "http://www.vertu.com/", "vertu.png", "vertu_big.png", "VERTU"
"511", "verykool", "https://verykool.net/", "verykool.png", "", "verykool"
"512", "via", "", "brand.png", "", "VIA"
"514", "videocon", "http://www.videocon.com/", "brand.png", "", "Videocon"
"515", "viettel", "http://viettel.vn/", "brand.png", "", "Viettel"
"516", "viewsonic", "http://www.viewsonic.com/", "viewsonic.png", "", "ViewSonic"
"517", "vinus", "", "brand.png", "", "Vinus"
"518", "visual_land", "https://visual-land.com/", "visual_land.png", "", "Visual Land"
"519", "vivo", "http://www.vivo.com.br/", "vivo.png", "vivo_png.png", "Vivo"
"520", "vizio", "", "brand.png", "", "Vizio"
"521", "vmware", "http://www.vmware.com/", "vmware.png", "", "VMWare"
"522", "vodafone", "http://www.vodafone.com/", "vodafone.png", "vodafone_big.png", "Vodafone"
"523", "voice", "", "brand.png", "", "Voice"
"524", "voto", "http://www.votoglobal.com/", "brand.png", "", "VOTO"
"525", "voyo", "", "brand.png", "", "Voyo"
"526", "vsun_mobile", "", "brand.png", "", "Vsun Mobile"
"527", "walsun", "", "brand.png", "", "Walsun"
"528", "walton", "http://www.waltonbd.com/", "walton.png", "walton_big.png", "Walton"
"529", "wayteq", "", "brand.png", "", "WayteQ"
"530", "wellcom", "", "brand.png", "", "WellcoM"
"531", "wexler", "http://wexler.ru/", "wexler.png", "", "Wexler"
"532", "wiko", "http://www.wikomobile.com/", "wiko.png", "wiko_big.png", "Wiko"
"533", "window", "http://www.yuandaocn.com/", "window.png", "", "Window (YuanDao)"
"534", "wishway", "", "brand.png", "", "Wishway"
"535", "witstech", "", "brand.png", "", "Witstech"
"536", "wolder", "http://www.wolderelectronics.com/", "wolder.png", "", "Wolder"
"537", "wolfgang", "http://www.wolfgangmobile.com/", "brand.png", "", "Wolfgang"
"538", "wondermedia", "", "brand.png", "", "WonderMedia"
"539", "wopad", "", "brand.png", "", "Wopad"
"540", "wortmann", "", "brand.png", "", "Wortmann"
"541", "woxter", "https://woxter.es/", "woxter.png", "", "Woxter"
"543", "xiaomi", "http://www.mi.com/", "xiaomi.png", "xiaomi_big.png", "Xiaomi"
"546", "xtouch", "http://www.xtouchdevice.com/", "xtouch.png", "", "Xtouch"
"547", "xtreamer", "", "brand.png", "", "Xtreamer"
"548", "xvision", "", "brand.png", "", "XVision"
"549", "yarvik", "http://yarvik.com/", "yarvik.png", "", "Yarvik"
"550", "yezz", "http://yezz.world/", "yezz.png", "", "Yezz"
"551", "yicheer", "", "brand.png", "", "Yicheer"
"552", "yidong", "", "brand.png", "", "Yidong"
"553", "youwave", "", "brand.png", "", "Youwave"
"554", "yusun", "http://www.yusun.com.cn/", "yusun.png", "", "Yusun"
"555", "zeki", "http://zekitablet.com/", "zeki.png", "", "Zeki"
"556", "zen", "http://www.zenmobile.in/", "zen.png", "", "Zen"
"557", "zenithink", "", "brand.png", "", "Zenithink"
"558", "zigo", "", "brand.png", "", "Zigo"
"559", "ziilabs", "", "brand.png", "", "ZiiLabs"
"560", "ziss", "", "brand.png", "", "Ziss"
"561", "zonda", "", "brand.png", "", "Zonda"
"562", "zopo", "http://www.zopomobile.com/", "zopo.png", "zopo_big.png", "Zopo"
"563", "zotac", "", "brand.png", "", "Zotac"
"564", "zte", "http://www.ztedevice.com/", "zte.png", "zte_big.png", "ZTE"
"565", "zyrex", "", "brand.png", "", "Zyrex"
"566", "megafon", "http://www.megafon.ru/", "megafon.png", "", "Мегафон"
"567", "7eleven", "", "brand.png", "", "7Eleven"
"568", "a-o-i-electronics_factory", "", "brand.png", "", "A.O.I. ELECTRONICS FACTORY"
"569", "amtc", "", "brand.png", "", "AMTC"
"570", "ans", "", "brand.png", "", "ANS"
"571", "av", "", "brand.png", "", "AV"
"572", "azbox", "", "brand.png", "", "AZBox"
"573", "azpen", "https://www.azpenpc.com/", "azpen.png", "", "AZPEN"
"574", "abocom", "", "brand.png", "", "Abocom"
"575", "allfine", "", "brand.png", "", "Allfine"
"576", "alphascan", "", "brand.png", "", "Alphascan"
"577", "amgoo", "", "brand.png", "", "Amgoo"
"578", "amplify", "", "brand.png", "", "Amplify"
"579", "apex", "", "brand.png", "", "Apex"
"580", "arcelik", "", "brand.png", "", "Arcelik"
"581", "ark", "http://www.arkdevice.com/", "brand.png", "", "Ark"
"582", "ashna", "", "brand.png", "", "Ashna"
"583", "astak", "", "brand.png", "", "Astak"
"584", "inspira", "https://www.inspira-tech.com/", "inspira.png", "", "Inspira"
"586", "atgames-zooti", "", "brand.png", "", "AtGames-zooti"
"587", "auchan", "http://www.groupe-auchan.com/", "auchan.png", "auchan_big.png", "Auchan"
"588", "audi_ag", "http://www.audi.com/", "audi.png", "audi_big.png", "Audi AG"
"589", "audiovox", "", "brand.png", "", "Audiovox"
"590", "avoca", "", "brand.png", "", "Avoca"
"591", "bkav", "", "brand.png", "", "BKAV"
"592", "byd", "", "brand.png", "", "BYD"
"594", "best_buy", "", "brand.png", "", "Best Buy"
"595", "bigben", "", "brand.png", "", "Bigben"
"596", "binatone", "", "brand.png", "", "Binatone"
"597", "bitmore", "", "brand.png", "", "Bitmore"
"598", "bittium", "", "brand.png", "", "Bittium"
"599", "bluebird", "", "brand.png", "", "Bluebird"
"600", "bluedot", "https://www.bluedot.co.jp/", "bluedot.png", "", "Bluedot"
"601", "booken", "", "brand.png", "", "Booken"
"602", "boost", "", "brand.png", "", "Boost"
"603", "borqs", "", "brand.png", "", "Borqs"
"605", "brightstar", "", "brand.png", "", "Brightstar"
"606", "british_telecom", "http://www.btplc.com/", "british_telecom.png", "", "British Telecom"
"609", "bungbungame", "", "brand.png", "", "Bungbungame"
"610", "c-and-m", "", "brand.png", "", "C&M"
"611", "ccc", "", "brand.png", "", "CCC"
"612", "chn_telecom", "", "brand.png", "", "CHN TELECOM"
"613", "cj_hellovision", "", "brand.png", "", "CJ HelloVision"
"614", "cmcc", "", "brand.png", "", "CMCC"
"615", "comio", "", "brand.png", "", "COMIO"
"616", "cz_electronics", "", "brand.png", "", "CZ Electronics"
"617", "camelus", "", "brand.png", "", "Camelus"
"618", "candor", "", "brand.png", "", "Candor"
"619", "cathay", "", "brand.png", "", "Cathay"
"620", "ceibal", "", "brand.png", "", "Ceibal"
"621", "cell_c", "https://www.cellc.co.za/", "cellc.png", "", "Cell_C"
"623", "china_mobile", "", "brand.png", "", "China Mobile"
"624", "claresta", "http://www.claresta.net/", "claresta.png", "", "Claresta"
"625", "clementoni", "http://www.clementoni.com/", "clementoni.png", "", "Clementoni"
"626", "click", "", "brand.png", "", "Click"
"627", "clickn_kids", "", "brand.png", "", "ClickN Kids"
"628", "coincomputers", "", "brand.png", "", "CoinComputers"
"629", "compal", "", "brand.png", "", "Compal"
"630", "condor", "https://www.condor.dz/", "condor.png", "", "Condor"
"631", "connectce", "", "brand.png", "", "Connectce"
"632", "crosscall", "http://crosscall.com/", "crosscall.png", "", "Crosscall"
"633", "cspire", "", "brand.png", "", "Cspire"
"634", "dea_factory", "", "brand.png", "", "DEA Factory"
"635", "danew", "", "brand.png", "", "Danew"
"636", "ddm", "", "brand.png", "", "Ddm"
"637", "digiland", "", "brand.png", "", "DigiLand"
"638", "digilite", "", "brand.png", "", "Digilite"
"639", "diginnos", "", "brand.png", "", "Diginnos"
"640", "digital2", "", "brand.png", "", "Digital2"
"641", "digitalstream", "", "brand.png", "", "DigitalStream"
"642", "digitron", "", "brand.png", "", "Digitron"
"643", "digix", "", "brand.png", "", "Digix"
"644", "ditecma", "", "brand.png", "", "Ditecma"
"645", "ditigron", "", "brand.png", "", "Ditigron"
"646", "dopo", "", "brand.png", "", "Dopo"
"647", "tabletexpress", "http://www.tabletexpress.com/", "tabletexpress.png", "", "TabletExpress"
"648", "dreamax", "", "brand.png", "", "Dreamax"
"649", "ebn", "", "brand.png", "", "EBN"
"650", "ecs", "", "brand.png", "", "ECS"
"651", "eg936d", "", "brand.png", "", "EG936D"
"652", "emtec", "", "brand.png", "", "EMTEC"
"653", "entity", "", "brand.png", "", "ENTITY"
"654", "envizen_digital", "", "brand.png", "", "Envizen Digital"
"655", "esi_enterprises", "", "brand.png", "", "ESI Enterprises"
"656", "edcon", "", "brand.png", "", "Edcon"
"657", "ematic", "http://ematic.us/", "ematic.png", "", "Ematic"
"658", "emdoor", "", "brand.png", "", "Emdoor"
"659", "emerson", "", "brand.png", "", "Emerson"
"660", "enspert", "http://www.enspert.com/", "brand.png", "", "Enspert"
"661", "entel", "", "brand.png", "", "Entel"
"662", "essentielb", "", "brand.png", "", "EssentielB"
"663", "etuline", "", "brand.png", "", "Etuline"
"664", "euroleague", "", "brand.png", "", "EuroLeague"
"665", "evercoss", "http://evercoss.com/", "evercoss.png", "", "Evercoss"
"666", "every", "", "brand.png", "", "Every"
"667", "everypad2", "", "brand.png", "", "EveryPad2"
"668", "eviant", "", "brand.png", "", "Eviant"
"669", "evolio", "", "brand.png", "", "Evolio"
"670", "fbc", "", "brand.png", "", "FBC"
"671", "facevsion", "", "brand.png", "", "FaceVsion"
"672", "fairphone", "https://www.fairphone.com/", "brand.png", "", "Fairphone"
"673", "finggo", "", "brand.png", "", "Finggo"
"674", "firstnationalbank", "", "brand.png", "", "FirstNationalBank"
"675", "fossil", "", "brand.png", "", "Fossil"
"676", "foxconn", "http://www.foxconn.com/", "foxconn.png", "", "Foxconn"
"677", "free_fr", "http://www.free.fr/", "freebox.png", "", "FREE"
"678", "funai_electric", "http://www.funai.jp/", "funai_electric.png", "", "Funai Electric"
"679", "future_mobile_technology", "", "brand.png", "", "Future Mobile Technology"
"680", "g53", "", "brand.png", "", "G53"
"681", "gd_classbook", "", "brand.png", "", "GD Classbook"
"683", "gsmart", "", "gigabyte.png", "", "GSmart"
"684", "galapad", "", "brand.png", "", "Galapad"
"685", "garmin", "http://www.garmin.com/", "garmin.png", "", "Garmin"
"686", "generalmobile", "https://www.generalmobile.com/", "generalmobile.png", "", "General Mobile"
"687", "getac", "", "brand.png", "", "Getac"
"689", "gradiente", "", "brand.png", "", "Gradiente"
"690", "gryphon", "", "brand.png", "", "Gryphon"
"691", "gtel", "", "brand.png", "", "Gtel"
"692", "hkc", "", "brand.png", "", "HKC"
"693", "hkt", "", "brand.png", "", "HKT"
"694", "handheld_group", "", "brand.png", "", "Handheld Group"
"695", "harris", "", "brand.png", "", "Harris"
"696", "honda", "http://www.honda.com/", "honda.png", "", "Honda"
"697", "how", "", "brand.png", "", "How"
"698", "hurricane", "", "brand.png", "", "Hurricane"
"699", "icl-kme_cs_ojsc", "", "brand.png", "", "ICL-KME CS OJSC"
"700", "craig", "https://craigelectronics.net/", "craig.png", "", "Craig"
"701", "inq_mobile", "https://en.wikipedia.org/wiki/Inq_Mobile", "brand.png", "", "INQ Mobile"
"702", "iproda", "", "brand.png", "", "IPRODA"
"703", "iuni", "", "brand.png", "", "IUNI"
"704", "ice_phone", "", "brand.png", "", "Ice Phone"
"705", "impecca", "", "brand.png", "", "Impecca"
"706", "inet-tablet", "", "brand.png", "", "Inet-Tablet"
"707", "infinity", "", "brand.png", "", "Infinity"
"708", "intenso", "", "brand.png", "", "Intenso"
"710", "irbis", "http://irbis-digital.ru/", "irbis.png", "", "Irbis"
"711", "itel", "http://www.itel-mobile.com/", "itel.png", "", "Itel"
"712", "itworks", "", "brand.png", "", "Itworks"
"713", "jlab", "", "brand.png", "", "JLab"
"714", "jp_sacouto", "", "brand.png", "", "JP Sacouto"
"715", "jvc", "", "brand.png", "", "JVC"
"716", "jide", "http://www.jide.com/", "jide.png", "", "Jide"
"717", "kd_interactive", "", "brand.png", "", "KD Interactive"
"718", "kddi", "", "brand.png", "", "KDDI"
"719", "klipad", "", "brand.png", "", "KLIPAD"
"720", "koook", "", "brand.png", "", "KOOOK"
"722", "kalley", "", "brand.png", "", "Kalley"
"723", "kennex", "", "brand.png", "", "Kennex"
"724", "ketablet", "http://www.ketabtech.com/", "brand.png", "", "Ketab Technologies"
"725", "kiano", "http://kiano.pl/", "kiano.png", "", "Kiano"
"726", "kodak", "http://www.kodak.com/", "kodak.png", "", "Kodak"
"727", "konrow", "http://www.konrow.com/", "konrow.png", "", "Konrow"
"728", "kubo", "", "brand.png", "", "Kubo"
"729", "kyowon", "", "brand.png", "", "Kyowon"
"731", "lguplus", "http://www.uplus.co.kr/", "lg.png", "", "LG Uplus"
"733", "liaoning_yiyatong", "", "brand.png", "", "LIAONING YIYATONG"
"734", "linsay", "", "brand.png", "", "LINSAY"
"735", "lt", "", "brand.png", "", "LT"
"736", "luvo", "", "brand.png", "", "LUVO"
"737", "luxya", "", "brand.png", "", "LUXYA"
"738", "laiq", "", "brand.png", "", "Laiq"
"739", "lazer", "", "brand.png", "", "Lazer"
"740", "letv", "http://www.lemall.com/", "letv.png", "", "LeTV"
"741", "lechpol", "", "brand.png", "", "Lechpol"
"742", "leeco", "http://www.leeco.com/", "leeco.png", "", "LeEco"
"743", "lexibook", "https://www.lexibook.com/", "lexibook.png", "", "Lexibook"
"744", "lgcns", "http://www.lgcns.com/", "lg.png", "", "LG CNS"
"745", "linknet", "", "brand.png", "", "LinkNet"
"747", "logic_instrument", "", "brand.png", "", "Logic Instrument"
"748", "logicom", "http://www.logicom-europe.co.uk/", "logicom.png", "", "Logicom"
"749", "logitech", "http://www.logitech.com/", "logitech.png", "", "Logitech"
"750", "lumigon", "", "brand.png", "", "Lumigon"
"751", "lyf", "https://www.mylyf.com/", "lyf.png", "", "Lyf"
"752", "mad_catz", "", "brand.png", "", "MAD CATZ"
"753", "mg_series", "", "brand.png", "", "MG Series"
"754", "mjs", "", "brand.png", "", "MJS"
"755", "mpman", "http://www.mpmaneurope.com/", "mpman.png", "", "MPman"
"757", "mtn_group", "", "brand.png", "", "MTN Group"
"759", "mtt", "https://www.mobiletoutterrain.com/", "mtt.png", "", "MTT"
"762", "marshall", "", "brand.png", "", "Marshall"
"763", "mecer", "", "brand.png", "", "Mecer"
"765", "megahouse", "", "brand.png", "", "Megahouse"
"766", "meitu", "", "brand.png", "", "Meitu"
"767", "memorex", "", "brand.png", "", "Memorex"
"768", "mexico_sep_tender", "", "brand.png", "", "Mexico SEP tender"
"769", "miia", "", "brand.png", "", "MiiA"
"770", "mint", "", "brand.png", "", "Mint"
"771", "mito", "http://mitomobile.com/", "mito.png", "mito_big.png", "Mito"
"772", "mobiwire", "", "brand.png", "", "MobiWire"
"773", "mobicell", "http://mobicell.co.za/", "mobicell.png", "", "Mobicell"
"774", "mobiletelesystem", "", "brand.png", "", "MobileTeleSystem"
"775", "mobily", "", "brand.png", "", "Mobily"
"776", "mohu", "", "brand.png", "", "Mohu"
"777", "monster", "", "brand.png", "", "Monster"
"780", "moxee_technologies", "", "brand.png", "", "Moxee Technologies"
"781", "my_go", "", "brand.png", "", "My Go"
"782", "naxa", "http://www.naxa.com/", "naxa.png", "", "Naxa Electronics"
"783", "ncredible", "", "brand.png", "", "NCREDIBLE"
"784", "neso", "", "brand.png", "", "NESO"
"786", "nanotech", "", "brand.png", "", "NanoTech"
"787", "neffos", "http://www.neffos.com/", "neffos.png", "", "Neffos"
"788", "netgear", "", "brand.png", "", "Netgear"
"789", "next_learning", "", "brand.png", "", "Next Learning"
"790", "nextbase", "", "brand.png", "", "Nextbase"
"791", "nextbit", "", "brand.png", "", "Nextbit"
"792", "nextel", "", "brand.png", "", "Nextel"
"793", "nikon", "http://www.nikon.com/", "nikon.png", "", "Nikon"
"794", "njoy", "", "brand.png", "", "Njoy"
"795", "nobis", "", "brand.png", "", "Nobis"
"796", "nubia", "", "brand.png", "", "Nubia"
"797", "nuu", "", "brand.png", "", "Nuu"
"798", "nuvision", "http://www.nuvision.com/", "nuvision.png", "", "Nuvision"
"799", "obi", "http://www.obiworldphone.com/", "obi.png", "", "Obi"
"800", "oceusnetworks", "", "brand.png", "", "Oceusnetworks"
"801", "olive_oil", "", "brand.png", "", "Olive Oil"
"802", "onkyo", "", "brand.png", "", "Onkyo"
"803", "openpeak", "", "brand.png", "", "OpenPeak"
"804", "opticon", "", "brand.png", "", "Opticon"
"805", "orbic", "", "brand.png", "", "Orbic"
"806", "oysters", "http://www.oysters.ru/", "oysters.png", "", "Oysters"
"807", "pc_smart", "", "brand.png", "", "PC Smart"
"808", "poc", "", "brand.png", "", "POC"
"809", "partner", "", "brand.png", "", "Partner"
"810", "plaisio", "http://www.plaisio.gr/", "plaisio.png", "", "Plaisio"
"811", "plus4", "", "brand.png", "", "Plus4"
"812", "plusone", "", "brand.png", "", "Plusone"
"813", "polaris", "", "brand.png", "", "Polaris"
"815", "protab", "", "brand.png", "", "Protab"
"816", "qla", "", "brand.png", "", "QLA"
"817", "qmobile", "http://www.qmobile.com.pk/", "qmobile.png", "qmobile_big.png", "QMobile"
"818", "qooq", "", "brand.png", "", "QOOQ"
"819", "quanta", "", "brand.png", "", "Quanta"
"821", "rca", "https://rcaav.com/", "rca.png", "", "RCA"
"822", "reach", "", "brand.png", "", "REACH"
"823", "razer", "", "brand.png", "", "Razer"
"824", "reliance", "", "brand.png", "", "Reliance"
"825", "revtel", "", "brand.png", "", "Revtel"
"826", "royaltek", "", "brand.png", "", "Royaltek"
"827", "sakaisio", "", "brand.png", "", "SAKAISIO"
"828", "selecline", "", "brand.png", "", "SELECLINE"
"829", "sk_broadband", "", "brand.png", "", "SK Broadband"
"830", "sk_telesys", "http://www.sktelesys.com/", "brand.png", "", "SK Telesys"
"831", "sknetworks", "", "brand.png", "", "SKnetworks"
"832", "smartab", "", "brand.png", "", "SMARTAB"
"833", "sosmart", "", "brand.png", "", "SOSMART"
"834", "saltillo", "", "brand.png", "", "Saltillo"
"835", "sansui", "", "brand.png", "", "Sansui"
"836", "santok", "http://www.stklife.com/", "brand.png", "", "STK (Santok)"
"837", "sanyo", "http://www.panasonic.net/sanyo/", "sanyo.png", "", "Sanyo"
"838", "seemahale_telecoms", "http://www.seemahale.co.za/", "brand.png", "", "Seemahale Telecoms"
"839", "sial", "", "brand.png", "", "SiAL"
"840", "sico", "http://sico.com.eg/", "sico.png", "", "Sico"
"841", "silent_circle", "", "brand.png", "", "Silent Circle"
"842", "siragon", "", "brand.png", "", "Siragon"
"843", "sirin", "", "brand.png", "", "Sirin"
"844", "smartron", "", "brand.png", "", "Smartron"
"846", "sophix_digix", "", "brand.png", "", "Sophix Digix"
"847", "sourcing_creation", "http://www.sourcingcreation.com/", "brand.png", "", "Sourcing Creation"
"848", "southern_telecom", "https://southerntelecom.com/", "southern_telecom.png", "", "Southern Telecom"
"849", "spectralink", "", "brand.png", "", "Spectralink"
"850", "sprint", "", "brand.png", "", "Sprint"
"851", "sts-tottori", "", "brand.png", "", "Sts-tottori"
"852", "stylis", "", "brand.png", "", "Stylis"
"854", "sumitomo_electric_industries", "", "brand.png", "", "Sumitomo Electric Industries"
"856", "tag_heuer", "", "brand.png", "", "TAG Heuer"
"858", "tg_and_co", "", "brand.png", "", "TG&Co."
"859", "tjc", "", "brand.png", "", "TJC"
"860", "tmax", "", "brand.png", "", "TMAX"
"861", "tps", "", "brand.png", "", "TPS"
"862", "tsunami", "", "brand.png", "", "TSUNAMi"
"863", "tuntun_english", "", "brand.png", "", "TUNTUN English"
"864", "tupad", "", "brand.png", "", "TUPAD"
"866", "taiwanmobile", "", "brand.png", "", "TaiwanMobile"
"868", "technicolor", "", "brand.png", "", "Technicolor"
"869", "techno", "", "brand.png", "", "Techno"
"870", "teknosa", "", "brand.png", "", "Teknosa"
"871", "tekwind", "", "brand.png", "", "Tekwind"
"872", "tele2", "http://www.tele2.com/", "tele2.png", "", "Tele2"
"873", "teleepoch", "", "brand.png", "", "Teleepoch"
"874", "tesco", "http://www.tesco.com/", "tesco.png", "", "Tesco"
"875", "thinpad", "", "brand.png", "", "Thinpad"
"876", "tinhvan", "", "brand.png", "", "Tinhvan"
"877", "tobii_dynavox", "", "brand.png", "", "Tobii DynaVox"
"878", "tonino_lamborghini", "http://www.lamborghini.it/", "tonino_lamborghini.png", "", "Tonino Lamborghini"
"879", "toughshield", "", "brand.png", "", "Toughshield"
"880", "trimble_navigation", "", "brand.png", "", "Trimble Navigation"
"881", "trio", "http://www.triotablets.us/", "trio.png", "", "Trio"
"882", "tunisie_telecom", "http://www.tunisietelecom.tn/", "tunisie_telecom.png", "", "Tunisie Telecom"
"883", "turk_telekom", "https://www.turktelekom.com.tr/", "turktelekom.png", "", "Turk Telekom"
"884", "u606", "", "brand.png", "", "U606"
"885", "u688", "", "brand.png", "", "U688"
"887", "ubiquiti", "https://www.ubnt.com/", "ubiquiti.png", "", "Ubiquiti"
"888", "vaio", "", "brand.png", "", "VAIO"
"889", "venstar", "", "brand.png", "", "VENSTAR"
"890", "vf", "", "brand.png", "", "VF"
"891", "vibe_z", "", "brand.png", "", "VIBE Z"
"892", "vsn", "", "brand.png", "", "VSN"
"893", "vaxcare", "", "brand.png", "", "Vaxcare"
"894", "venturer", "", "brand.png", "", "Venturer"
"895", "verizon_wireless", "https://www.verizonwireless.com/", "verizon_wireless.png", "verizon_wireless_big.png", "Verizon Wireless"
"896", "verssed", "", "brand.png", "", "Verssed"
"897", "vestel", "http://vestelinternational.com/", "vestel.png", "vestel_big.png", "Vestel"
"898", "vitsmo", "", "brand.png", "", "Vitsmo"
"899", "vonino", "http://www.vonino.eu/", "vonino.png", "", "Vonino"
"900", "vulcan", "", "brand.png", "", "Vulcan"
"901", "w-e", "", "brand.png", "", "W.e."
"902", "wacom", "", "brand.png", "", "WACOM"
"903", "wetek", "", "brand.png", "", "WeTek"
"904", "welgate", "", "brand.png", "", "Welgate"
"905", "wenu", "", "brand.png", "", "Wenu"
"906", "wileyfox", "https://www.wileyfox.com/", "wileyfox.png", "", "Wileyfox"
"907", "wintec", "", "brand.png", "", "Wintec"
"908", "wistron", "", "brand.png", "", "Wistron"
"909", "woongjin", "", "brand.png", "", "Woongjin"
"910", "xplore_technologies", "https://www.xploretech.com/", "xplore.png", "", "Xplore"
"912", "yu", "http://www.yuplaygod.com/", "yu.png", "", "YU"
"913", "yes", "", "brand.png", "", "Yes"
"915", "yotaphone", "https://yotaphone.com/", "yotaphone.png", "", "YotaPhone"
"916", "zebra", "https://www.zebra.com/", "zebra.png", "", "Zebra"
"917", "zettaly", "", "brand.png", "", "Zettaly"
"918", "zilo", "", "brand.png", "", "Zilo"
"920", "geanee", "", "brand.png", "", "geanee"
"921", "i-buddie", "", "brand.png", "", "i-Buddie"
"922", "idea_usa", "http://www.ideausa.com/", "idea_usa.png", "", "iDea USA"
"923", "iget", "http://www.iget.eu/", "iget.png", "", "iGet"
"924", "irulu", "https://www.irulu.com/", "irulu.png", "", "iRulu"
"925", "iview", "", "brand.png", "", "iView"
"926", "mobicel", "", "brand.png", "", "mobicel"
"927", "nabi", "", "brand.png", "", "nabi"
"928", "oioo", "", "brand.png", "", "oioo"
"929", "sugar_aums", "", "brand.png", "", "sugar_aums"
"930", "tecmobile", "", "brand.png", "", "tecmobile"
"931", "ucall", "", "brand.png", "", "ucall"
"932", "takara", "", "brand.png", "", "Takara"
"933", "helio", "", "brand.png", "", "Helio"
"935", "tim", "", "brand.png", "", "TIM"
"937", "ouya", "https://www.ouya.tv/", "ouya.png", "", "Ouya"
"938", "microsoft", "https://www.microsoft.com/", "microsoft.png", "microsoft_big.png", "Microsoft"
"939", "freetel", "https://www.freetel.jp/", "freetel.png", "", "FREETEL"
"940", "mousecomputer", "http://www.mouse-jp.co.jp/", "brand.png", "", "MouseComputer (MCJ)"
"941", "xolo", "http://www.xolo.in/", "xolo.png", "", "XOLO"
"942", "nintendo", "http://www.nintendo.com/", "nintendo.png", "nintendo_big.png", "Nintendo"
"943", "tesla", "https://www.tesla.com/", "tesla.png", "tesla_big.png", "Tesla Motors"
"944", "nuans", "http://nuans.jp/", "nuans.png", "", "NuAns"
"945", "dtac", "https://www.dtac.co.th/", "dtac.png", "", "dtac"
"946", "evolveo", "http://www.evolveo.eu/", "evolveo.png", "", "Evolveo"
"947", "kyivstar", "http://www.kyivstar.ua/", "kyivstar.png", "", "Київстар"
"948", "movilnet", "http://www.movilnet.com.ve/", "movilnet.png", "", "Movilnet"
"949", "softbank", "http://www.softbank.jp/", "softbank.png", "", "SoftBank"
"953", "humax", "http://www.humaxdigital.com/", "humax.png", "", "Humax"
"954", "inverto", "http://www.inverto.tv/", "inverto.png", "", "Inverto"
"955", "telestar", "https://www.telestar.de/", "telestar.png", "", "TELESTAR"
"956", "aston", "http://www.aston-france.com/", "aston.png", "", "ASTON"
"957", "zync", "http://www.zync.in/", "brand.png", "", "Zync"
"958", "technisat", "https://www.technisat.com/", "brand.png", "", "TechniSat"
"959", "innjoo", "http://www.innjoo.com/", "innjoo.png", "", "InnJoo"
"960", "g-tide", "http://www.g-tidemobile.com/", "g-tide.png", "", "G-TIDE"
"961", "hotwav", "http://www.hotwav.com/", "hotwav.png", "", "HOTWAV"
"962", "cube1", "http://www.cube1mobile.com/", "cube1.png", "", "CUBE1"
"963", "genx", "http://www.genxmea.com/", "genx.png", "", "Genx"
"964", "sankey", "", "brand.png", "", "SANKEY"
"965", "eic", "", "brand.png", "", "EIC"
"966", "tengo", "http://www.ten-go.com/", "tengo.png", "", "TenGO!"
"967", "ambrane", "http://www.ambraneindia.com/", "ambrane.png", "", "Ambrane"
"968", "accent", "http://www.accent.ma/", "accent.png", "", "Accent"
"969", "oukitel", "http://www.oukitel.com/", "brand.png", "", "Oukitel"
"970", "energy_sistem", "https://www.energysistem.com/", "energy_sistem.png", "", "Energy Sistem"
"971", "iku", "http://www.iku-mobile.com/", "iku.png", "", "IKU"
"972", "x-bo", "", "brand.png", "", "X-BO"
"973", "idroid", "http://www.idroidusa.com/", "idroid.png", "", "iDroid"
"975", "gamma", "http://www.gammaegypt.com/", "gamma.png", "", "Gamma"
"976", "gright", "http://www.gright.cc/", "brand.png", "", "Gright"
"977", "matricom", "http://matricom.net/", "matricom.png", "", "Matricom"
"978", "onyo", "http://www.onyoelectronics.com/", "onyo.png", "", "ONYO"
"979", "onyx", "http://www.onyx-international.com/", "brand.png", "", "ONYX"
"980", "eurostar", "http://www.eurostargroup.com/", "eurostar.png", "", "EUROSTAR"
"981", "rivo", "http://rivomobile.com/", "rivo.png", "", "Rivo"
"982", "vivax", "http://www.vivax.com/", "vivax.png", "", "Vivax"
"983", "brava", "http://www.bravatechno.com/", "brava.png", "", "Brava"
"984", "cavion", "http://www.cavion.pl/", "brand.png", "", "Cavion"
"985", "elephone", "http://www.elephone.hk/", "elephone.png", "", "Elephone"
"986", "avvio", "http://avviomobile.com/", "avvio.png", "", "Avvio"
"987", "ccit", "http://www.ccitmobile.com/", "ccit.png", "", "CCIT"
"988", "bravis", "http://bravis.ua/", "brand.png", "", "Bravis"
"989", "vexia", "http://www.vexia.eu/", "vexia.png", "", "Vexia"
"990", "ctroniq", "http://www.ctroniq.com/", "brand.png", "", "CTRONIQ"
"1020", "mach_speed", "", "brand.png", "", "Mach Speed"
"1026", "ascom_wireless_solutions", "", "brand.png", "", "Ascom Wireless Solutions"
"1027", "bang_olufsen", "http://www.bang-olufsen.com/", "bang_olufsen.png", "", "Bang & Olufsen"
"1028", "bullitt_group", "", "brand.png", "", "Bullitt Group"
"1029", "cellon", "", "brand.png", "", "Cellon"
"1030", "dl", "http://dl.com.br/", "DL.png", "", "DL"
"1031", "dragontouch", "http://www.tabletexpress.com/dragon-touch.html", "brand.png", "", "Dragon touch"
"1032", "gini", "", "brand.png", "", "Gini"
"1033", "intermec", "", "brand.png", "", "Intermec"
"1035", "listo", "", "brand.png", "", "Listo"
"1036", "navon", "http://www.smartnavon.com/", "brand.png", "", "Navon"
"1037", "polar", "", "brand.png", "", "Polar"
"1038", "prestige", "", "brand.png", "", "Prestige"
"1039", "rainbow", "", "brand.png", "", "RAINBOW"
"1040", "miophone", "", "brand.png", "", "Miophone"
"1041", "nixon", "", "brand.png", "", "Nixon"
"1042", "pavapro", "", "brand.png", "", "Pavapro"
"1043", "schok", "", "brand.png", "", "Schok"
"1044", "visiontouch", "", "brand.png", "", "Visiontouch"
"1045", "wink", "", "brand.png", "", "Wink"
"1047", "mlais", "http://www.mlais.com/", "mlais.png", "", "Mlais"
"1048", "blackview", "http://www.blackview.hk/", "blackview.png", "", "Blackview"
"1049", "maxcom", "", "brand.png", "", "Maxcom"
"1050", "mio_tab", "", "brand.png", "", "Mio Tab"
"1051", "skylife", "https://www.skylife.co.kr/", "skylife.png", "", "SkyLife"
"1052", "aiuto", "", "brand.png", "", "Aiuto"
"1053", "dish", "", "brand.png", "", "Dish"
"1054", "elevate", "", "brand.png", "", "Elevate"
"1055", "ilike", "", "brand.png", "", "Ilike"
"1056", "imagemobile", "", "brand.png", "", "ImageMobile"
"1057", "ownmobile", "http://www.ownmobile.com/", "ownmobile.png", "", "Own Mobile"
"1058", "ruggear", "", "brand.png", "", "Ruggear"
"1059", "stylus", "", "brand.png", "", "Stylus"
"1060", "v7", "", "brand.png", "", "V7"
"1061", "dynamic", "http://www.jbsmobile.com.my/", "brand.png", "", "Dynamic"
"1062", "gogen", "http://www.gogen.cz/", "gogen.png", "", "GoGEN"
"1063", "homtom", "http://www.homtom.cc/", "brand.png", "", "Homtom"
"1064", "admiral_overseas_corporation", "", "brand.png", "", "Admiral Overseas Corporation"
"1066", "affix", "", "brand.png", "", "Affix"
"1067", "avaya", "", "brand.png", "", "Avaya"
"1068", "benesse", "", "brand.png", "", "Benesse"
"1069", "centric", "", "brand.png", "", "Centric"
"1070", "cipherlab", "", "brand.png", "", "Cipherlab"
"1071", "coppernic", "", "brand.png", "", "Coppernic"
"1072", "covia", "", "brand.png", "", "Covia"
"1073", "doppio", "", "brand.png", "", "Doppio"
"1074", "flnet", "", "brand.png", "", "Flnet"
"1075", "gesellschaft_smk_mbh", "", "brand.png", "", "Gesellschaft SMK mBH"
"1076", "ginzzu", "", "brand.png", "", "Ginzzu"
"1077", "icon", "", "brand.png", "", "Icon"
"1078", "kapsys", "", "brand.png", "", "Kapsys"
"1079", "new_balance", "", "brand.png", "", "New Balance"
"1080", "positivo_bgh", "http://www.positivobgh.com/", "brand.png", "", "Positivo BGH"
"1081", "revo", "", "brand.png", "", "Revo"
"1082", "spectraprecision", "", "brand.png", "", "SpectraPrecision"
"1083", "stream", "", "brand.png", "", "Stream"
"1084", "tellytablet", "", "brand.png", "", "TellyTablet"
"1085", "telus", "", "brand.png", "", "Telus"
"1086", "tetratab", "", "brand.png", "", "Tetratab"
"1087", "turbonet", "", "brand.png", "", "Turbonet"
"1088", "vt", "", "brand.png", "", "VT"
"1089", "inanny", "", "brand.png", "", "iNanny"
"1090", "smartisan", "http://www.smartisan.com/", "smartisan.png", "", "Smartisan"
"1091", "dexp", "http://dexp.club/", "dexp.png", "", "DEXP"
"1092", "diva", "", "brand.png", "", "DIVA"
"1093", "sanei", "http://www.szampe.com/", "brand.png", "", "Sanei"
"1094", "sencor", "http://www.sencor.eu/", "sencor.png", "", "Sencor"
"1095", "ooredoo", "http://ooredoo.com/", "ooredoo.png", "", "Ooredoo"
"1096", "bq-mobile", "https://bq-mobile.com/", "bq-mobile.png", "", "BQ-Mobile"
"1097", "brigmton", "http://www.brigmton-sonfer.es/", "brand.png", "", "Brigmton"
"1098", "sky_devices", "https://skydevices.com/", "skydevices.png", "", "SKY Devices"
"1099", "admiral", "", "brand.png", "", "Admiral"
"1100", "vernee", "http://vernee.cc/", "vernee.png", "", "Vernee"
"1101", "mpie", "", "brand.png", "", "Mpie"
"1102", "noga", "http://noganet.com/", "brand.png", "", "NOGA"
"1103", "verico", "http://www.vericoglobal.com/", "verico.png", "", "Verico"
"1104", "umax", "http://www.umax.com/", "umax.png", "", "UMAX"
"1105", "verifone", "https://www.verifone.com/", "verifone.png", "", "Verifone"
"1106", "solone", "http://solone.com.mx/", "solone.png", "", "SOLONE"
"1107", "aligator", "http://www.aligator.cz/", "aligator.png", "", "Aligator"
"1108", "jeka", "http://jeka.com.ua/", "jeka.png", "", "JEKA"
"1109", "joinet", "http://joinet.com/", "brand.png", "", "Joinet"
"1110", "nomi", "http://nomimobile.com.vn/", "nomi.png", "", "Nomi"
"1111", "accessgo", "http://accessgo.com/", "accessgo.png", "", "AccessGO"
"1112", "audinac", "http://www.audinac.com.ar/", "audinac.png", "", "Audinac"
"1113", "artel", "http://artel.uz/", "artel.png", "", "Artel"
"1114", "seatel", "http://www.seatelgroup.com/", "seatel.png", "", "Seatel"
"1115", "easypix", "http://www.easypix.eu/", "easypix.png", "", "EasyPix"
"1116", "mobilink", "http://www.mobilink.com.pk/", "brand.png", "", "Mobilink"
"1117", "aopen", "http://www.aopen.com/", "brand.png", "", "AOpen"
"1119", "airtel", "", "brand.png", "", "Airtel"
"1120", "dbm_maroc", "", "brand.png", "", "DBM Maroc"
"1121", "envizen", "", "brand.png", "", "Envizen"
"1122", "freebit", "", "brand.png", "", "Freebit"
"1123", "galexia", "", "brand.png", "", "Galexia"
"1124", "general_dynamics", "", "brand.png", "", "General Dynamics"
"1125", "hyve", "", "brand.png", "", "Hyve"
"1126", "janam", "", "brand.png", "", "Janam"
"1127", "myria", "", "brand.png", "", "Myria"
"1128", "ollee", "", "brand.png", "", "Ollee"
"1129", "sed_wireless", "", "brand.png", "", "SED Wireless"
"1130", "umxultimate_mobile_experience", "http://www.umxmobile.com/", "brand.png", "", "UMX"
"1131", "yxtel", "", "brand.png", "", "YxTel"
"1132", "asiafone", "http://www.asiafonemobile.com/", "asiafone.png", "", "Asiafone"
"1133", "qumo", "http://www.qumo.ru/", "qumo.png", "", "QUMO"
"1134", "windsmobile", "http://windsmobile.com.my/", "brand.png", "", "Winds Mobile"
"1135", "leagoo", "http://www.leagoo.com/", "leagoo.png", "", "LEAGOO"
"1136", "icemobile", "http://icemobile.net/", "brand.png", "", "Icemobile"
"1137", "hasee", "http://www.hasee.com/", "brand.png", "", "Hasee"
"1138", "ergo", "http://ergo-ua.com/", "ergo.png", "", "ERGO"
"1139", "leotec", "http://leotec.com/", "brand.png", "", "LEOTEC"
"1140", "gomobile", "http://www.gomobileproducts.com/", "gomobile.png", "", "GoMobile"
"1141", "tiger_star", "http://tiger-sat.com/", "tiger_star.png", "", "Tiger Star"
"1142", "techpad", "http://techpad.mx/wp/", "brand.png", "", "TechPad"
"1143", "altice", "http://altice.net/", "brand.png", "", "Altice"
"1146", "clarmin", "", "brand.png", "", "Clarmin"
"1147", "crema", "", "brand.png", "", "Crema"
"1148", "jabrbox", "", "brand.png", "", "JabrBox"
"1149", "just5", "http://www.just5.com/", "just5.png", "", "Just5"
"1150", "montblanc", "", "brand.png", "", "Montblanc"
"1151", "stylo", "", "brand.png", "", "Stylo"
"1152", "telcel", "", "brand.png", "", "Telcel"
"1154", "vertex", "http://vertex-digital.ru/", "vertex.png", "", "Vertex"
"1155", "inch", "http://www.in-inch.ru/", "inch.png", "", "INCH"
"1156", "fourmobile", "http://www.fourmobile.com/", "fourmobile.png", "", "Four Mobile"
"1157", "ikon", "http://ikonhome.com/", "brand.png", "", "Ikon"
"1158", "touchmate", "http://www.touchmate.net/", "touchmate.png", "", "TOUCHMATE"
"1159", "techmade", "http://www.techmade.eu/", "techmade.png", "", "Techmade"
"1160", "fireflymobile", "https://www.fireflymobile.net/", "fireflymobile.png", "", "FIREFLY MOBILE"
"1161", "tinmo", "http://www.tinmomobilebd.com/", "tinmo.png", "", "TiNMO"
"1162", "royqueen", "https://www.royqueen.com.ph/", "royqueen.png", "", "Royqueen"
"1163", "jt", "http://www.jtglobal.com", "jt.png", "", "JT"
"1164", "lenoxx", "http://www.lenoxx.com.br/", "lenoxx.png", "", "Lenoxx"
"1165", "neuimage", "http://neuimagetech.com/", "neuimage.png", "", "Neuimage"
"1166", "vortex", "http://vortexcellular.com/", "brand.png", "", "Vortex"
"1167", "advance", "http://www.advanceperu.com/", "advance.png", "", "Advance"
"1168", "daewoo", "https://www.daewoo.com/", "daewoo.png", "", "Daewoo"
"1169", "nodis", "http://www.nodis-italia.it/", "nodis.png", "", "Nodis"
"1170", "npole", "http://npoleworld.com/", "brand.png", "", "NPOLE"
"1171", "ittablet", "https://www.ittablet.co.uk/", "brand.png", "", "it Tablets"
"1172", "matcotools", "https://www.matcotools.com/", "matcotools.png", "", "Matco Tools"
"1173", "", "https://maxwesttelecom.com/", "maxwest.png", "", "Maxwest"
"1174", "raspberrypi_foundation", "https://www.raspberrypi.org/", "raspberrypi.png", "", "Raspberry Pi Foundation"
"1175", "4good", "https://4good.ru/", "4good.png", "", "4Good"
"1176", "echo", "https://www.echomobiles.com/", "echo.png", "", "Echo"
"1177", "himax", "http://www.himax.co.id/", "himax.png", "", "Himax"
"1178", "stfmobile", "https://www.stfmobile.com/", "stfmobile.png", "", "STF Mobile"
"1179", "logic", "http://logicmobility.com/", "logic.png", "", "LOGIC"
"1181", "arris", "http://www.arris.com/", "arris.png", "", "ARRIS"
"1182", "w_and_f_technology", "http://www.yutuoxing.com/", "brand.png", "", "W&F Technology"
"1183", "sagemcom", "http://www.sagemcom.com/", "sagemcom.png", "", "Sagemcom Broadband SAS"
"1184", "motiv", "http://motivtelecom.ru", "motiv.png", "", "Мотив"
"1185", "tesla_info", "http://tesla.info/", "tesla_info.png", "", "Tesla"
"1186", "vensmile", "http://www.vissontech.com/", "brand.png", "", "Vensmile"
"1187", "iris", "https://www.iris.dz/", "iris.png", "", "IRIS"
"1188", "360", "https://www.360.cn/", "360.png", "", "360"
"1189", "arbutus", "http://arbutus.com.vn/", "brand.png", "", "ArbutuS"
"1190", "tagi", "http://www.tagi-tab.de/", "brand.png", "", "Tagi"
"1191", "hoffmann", "http://hoffmann-electric.com/", "brand.png", "", "Hoffmann"
"1192", "10-or", "https://10or.com/", "10or.png", "", "10.or"
"1193", "bgh_s-a", "", "brand.png", "", "BGH S.A."
"1195", "barel", "", "brand.png", "", "Barel"
"1196", "becrypt", "", "brand.png", "", "Becrypt"
"1198", "bitel", "", "brand.png", "", "Bitel"
"1199", "centurylink", "", "brand.png", "", "CenturyLink"
"1200", "code", "", "brand.png", "", "Code"
"1201", "connex", "", "brand.png", "", "Connex"
"1202", "coppel", "", "brand.png", "", "Coppel"
"1203", "dna", "", "brand.png", "", "DNA"
"1205", "electroland_ghana", "", "brand.png", "", "Electroland Ghana"
"1206", "essential_products", "https://www.essential.com/", "essential.png", "", "Essential Products"
"1207", "fluo", "", "brand.png", "", "Fluo"
"1208", "guess", "", "brand.png", "", "Guess"
"1209", "hafury", "", "brand.png", "", "Hafury"
"1210", "kaan", "", "brand.png", "", "KAAN"
"1211", "krugermatz", "", "brand.png", "", "Kruger&Matz"
"1212", "kult", "", "brand.png", "", "Kult"
"1213", "lt_electronics", "", "brand.png", "", "LT Electronics"
"1214", "louis_vuitton", "", "brand.png", "", "Louis Vuitton"
"1215", "machspeed_apollo_brands", "https://www.machspeed.com/", "brand.png", "", "MachSpeed"
"1216", "most_computers", "", "brand.png", "", "Most Computers"
"1217", "movado", "", "brand.png", "", "Movado"
"1218", "nasco", "", "brand.png", "", "NASCO"
"1219", "nous", "", "brand.png", "", "Nous"
"1220", "oraimo", "", "brand.png", "", "Oraimo"
"1221", "pcd_argentina", "", "brand.png", "", "PCD Argentina"
"1222", "pointmobile", "", "brand.png", "", "PointMobile"
"1224", "telecable", "", "brand.png", "", "Telecable"
"1225", "unowhy", "http://www.unowhy.com/", "brand.png", "", "UNOWHY"
"1227", "ulefone", "http://ulefone.com/", "ulefone.png", "", "UleFone"
"1228", "viwa", "", "brand.png", "", "Viwa"
"1229", "x-tigi", "", "brand.png", "", "X-TIGI"
"1230", "zuum", "", "brand.png", "", "Zuum"
"1231", "ino_mobile", "http://inomobile.com.sg/", "inomobile.png", "", "iNO Mobile"
"1232", "ivoomi", "http://www.ivoomiindia.com/", "ivoomi.png", "", "iVOOMi"
"1233", "aura", "http://auratech.hk/", "brand.png", "", "AURA"
"1234", "aiwa", "", "brand.png", "", "Aiwa"
"1235", "bentley", "", "brand.png", "", "Bentley"
"1237", "g_y_p_new_tree_sa", "http://www.newtree.com.ar/", "brand.png", "", "G y P New Tree S.A."
"1238", "ikumobile", "", "brand.png", "", "IkuMobile"
"1239", "navitel", "", "brand.png", "", "Navitel"
"1240", "neostra", "", "brand.png", "", "Neostra"
"1241", "philco", "", "brand.png", "", "Philco"
"1242", "pixela", "", "brand.png", "", "Pixela"
"1244", "ruio", "", "brand.png", "", "Ruio"
"1245", "spc_mobile", "http://spc-mobile.com/", "brand.png", "", "SPC Mobile"
"1246", "starlight", "", "brand.png", "", "Starlight"
"1247", "timovi", "", "brand.png", "", "Timovi"
"1248", "utopia", "", "brand.png", "", "Utopia"
"1249", "vsun", "", "brand.png", "", "Vsun"
"1250", "zebex", "", "brand.png", "", "Zebex"
"1251", "uhappy", "http://www.uhappy.cc/", "brand.png", "", "Uhappy"
"1252", "ytone", "", "brand.png", "", "Ytone"
"1253", "zeemi", "", "brand.png", "", "Zeemi"
"1254", "tb_touch", "http://www.tbclean.eu/en/touch", "brand.png", "", "TB Touch"
"1255", "jay-tech", "http://www.jay-tech.de/", "brand.png", "", "JAY-Tech"
"1256", "kopo", "", "brand.png", "", "KOPO"
"1257", "landvo", "http://www.landvo.com/", "brand.png", "", "Landvo"
"1258", "tvc", "http://www.tvcskyshop.com/", "tvc.png", "", "TVC"
"1259", "trevi", "https://www.trevi.it/", "trevi.png", "", "trevi"
"1260", "vollo", "", "brand.png", "", "vollo"
"1261", "sunvan", "", "brand.png", "", "SUNVAN"
"1262", "stonex", "http://www.stonexmobile.gr/", "brand.png", "", "Stonex"
"1263", "pulid", "", "brand.png", "", "PULID"
"1264", "pptv", "", "brand.png", "", "PPTV"
"1265", "meu", "https://www.meu-smartphone.com/", "brand.png", "", "MEU"
"1266", "milled", "", "brand.png", "", "MLLED"
"1267", "mofut", "", "brand.png", "", "Mofut"
"1268", "mixc", "", "brand.png", "", "miXc"
"1269", "lingwin", "http://lingwin.hk/", "lingwin.png", "", "Lingwin"
"1270", "kumai", "", "brand.png", "", "Kumai"
"1271", "koridy", "", "brand.png", "", "Koridy"
"1272", "komu", "http://www.komu.it/", "komu.png", "", "Komu"
"1273", "kingsun", "", "brand.png", "", "Kingsun"
"1274", "i-joy", "", "brand.png", "", "i-Joy"
"1275", "inkti", "", "brand.png", "", "Inkti"
"1276", "goly", "http://goly.vn/", "goly.png", "", "GOLY"
"1277", "eton", "", "brand.png", "", "ETON"
"1278", "datang", "", "brand.png", "", "Datang"
"1279", "compaq", "http://www.compaq.com/", "compaq.png", "", "Compaq"
"1280", "brondi", "https://www.brondi.it/", "brondi.png", "", "Brondi"
"1281", "ecoo", "http://www.ecoo.hk/", "brand.png", "", "ECOO"
"1282", "zatec", "http://www.zatec.ma/", "brand.png", "", "Zatec"
"1283", "bluboo", "http://www.bluboo.hk/", "bluboo.png", "", "Bluboo"
"1284", "", "https://www.ulmart.ru/investors/zifro.html", "zifro.png", "", "ZIFRO"
"1285", "magnus", "http://magnustelecom.com/", "brand.png", "", "Magnus"
"1286", "tmovi", "http://timovi.mx/", "brand.png", "", "Tmovi"
"1287", "cjhellovision", "", "brand.png", "", "CJHelloVision"
"1288", "cx_argentina", "", "brand.png", "", "CX Argentina"
"1289", "doopro", "", "brand.png", "", "Doopro"
"1290", "greatwall", "", "brand.png", "", "Greatwall"
"1291", "iusa", "", "brand.png", "", "IUSA"
"1292", "microtech", "", "brand.png", "", "Microtech"
"1293", "mobiola", "", "brand.png", "", "Mobiola"
"1294", "porsche", "", "brand.png", "", "Porsche"
"1295", "premio", "", "brand.png", "", "Premio"
"1296", "ziox", "", "brand.png", "", "Ziox"
"1297", "kolke", "http://www.kolke.net/", "kolke.png", "", "Kolke"
"1298", "fero", "", "brand.png", "", "Fero"
"1299", "foxtel", "https://www.foxtel.com.au/", "brand.png", "", "Foxtel"
"1300", "gplus", "", "brand.png", "", "Gplus"
"1301", "kempler_strauss", "", "brand.png", "", "Kempler Strauss"
"1303", "skkmobile", "http://www.skkmobile.com.ph/", "skkmobile.png", "", "SKK Mobile"
"1304", "leelbox", "http://leelbox-tech.com/", "leelbox.png", "", "Leelbox"
"1305", "primux", "https://www.primux.es/", "primux.png", "", "Primux"
"1306", "telego", "http://telego.hk/", "brand.png", "", "Telego"
"1307", "zenek", "http://zenekoficial.com/", "brand.png", "", "ZENEK"
"1308", "blackfox", "http://blackfox-rus.com/", "brand.png", "", "Black Fox"
"1309", "i-life", "https://www.i-life.us/", "i-life.png", "", "I-Life"
"1310", "turbopad", "https://turbopad.ru/", "turbopad.png", "", "TurboPad"
"1311", "geotel", "http://www.geotel.cc/", "brand.png", "", "GEOTEL"
"1312", "ihunt", "https://www.ihunt.ro/", "ihunt.png", "", "iHunt"
"1313", "beelink", "http://www.bee-link.com/", "beelink.png", "", "Beelink"
"1314", "exo", "http://www.exo.com.ar/", "brand.png", "", "EXO"
"1315", "markeeta", "https://www.markeeta.cz/", "markeeta.png", "", "MARKEETA"
"1316", "smartec", "http://smartec.com.tn/", "smartec.png", "", "Smartec"
"1317", "sunstech", "https://sunstech.com/", "sunstech.png", "", "Sunstech"
"1318", "aamra_we", "", "brand.png", "", "Aamra WE"
"1319", "aqua", "", "brand.png", "", "Aqua"
"1320", "billion", "https://www.billion.in/", "billion.png", "", "Billion"
"1321", "brown", "", "brand.png", "", "Brown"
"1322", "c5_mobile", "", "brand.png", "", "C5 Mobile"
"1323", "cg_mobile", "", "brand.png", "", "CG Mobile"
"1324", "caldero", "", "brand.png", "", "Caldero"
"1325", "denso_wave", "", "brand.png", "", "Denso Wave"
"1326", "dialog_blaze", "", "brand.png", "", "Dialog Blaze"
"1327", "dunns", "", "brand.png", "", "Dunns"
"1328", "exo_s-a", "", "brand.png", "", "EXO S.A."
"1329", "eks_mobility", "", "brand.png", "", "Eks Mobility"
"1330", "energizer", "", "brand.png", "", "Energizer"
"1331", "fpt_trading", "", "brand.png", "", "FPT Trading"
"1332", "fantec", "", "brand.png", "", "Fantec"
"1333", "figo", "", "brand.png", "", "Figo"
"1334", "flash", "", "brand.png", "", "Flash"
"1335", "gasei_s-a", "", "brand.png", "", "Gasei S.A."
"1336", "go_mobile", "", "brand.png", "", "Go Mobile"
"1337", "inverse_net", "", "brand.png", "", "Inverse Net"
"1338", "jinga", "", "brand.png", "", "Jinga"
"1339", "jivi", "", "brand.png", "", "Jivi"
"1340", "kenbo", "", "brand.png", "", "Kenbo"
"1341", "krono", "", "brand.png", "", "Krono"
"1342", "logic_mobility", "", "brand.png", "", "Logic Mobility"
"1343", "mtn-e70", "", "brand.png", "", "MTN-E70"
"1344", "making_life_simple", "", "brand.png", "", "Making Life Simple"
"1345", "meanit", "", "brand.png", "", "MeanIT"
"1346", "mirage", "", "brand.png", "", "Mirage"
"1347", "mobvoi", "", "brand.png", "", "Mobvoi"
"1348", "moviltelco_trade", "", "brand.png", "", "Moviltelco Trade"
"1349", "noa_mobile", "", "brand.png", "", "NOA Mobile"
"1350", "safaricom", "", "brand.png", "", "Safaricom"
"1351", "simbans", "", "brand.png", "", "Simbans"
"1352", "smailo", "", "brand.png", "", "Smailo"
"1353", "swisstone", "", "brand.png", "", "Swisstone"
"1354", "sdmc", "http://www.sdmctech.com/", "brand.png", "", "SDMC"
"1355", "telma", "", "brand.png", "", "Telma"
"1356", "time2", "", "brand.png", "", "Time2"
"1357", "verd", "", "brand.png", "", "VerD"
"1358", "vgo_tel", "", "brand.png", "", "Vgo Tel"
"1359", "volt_mobile", "", "brand.png", "", "Volt Mobile"
"1360", "we_bd", "", "brand.png", "", "We (BD)"
"1361", "weimei", "https://www.weimeimobile.com/", "weimei.png", "", "Weimei"
"1362", "wizz", "", "brand.png", "", "Wizz"
"1363", "yuho", "", "brand.png", "", "Yuho"
"1364", "duramobi", "", "brand.png", "", "duraMOBI"
"1365", "ila_mobile", "", "brand.png", "", "iLa Mobile"
"1366", "spectrum", "", "brand.png", "", "spectrum"
"1367", "v-gen", "http://www.v-gen.co.id/", "brand.png", "", "V-GeN"
"1368", "avh", "http://www.avh.com.ar/", "brand.png", "", "A.V.H."
"1369", "gretel", "http://www.gretel.cc/", "gretel.png", "", "Gretel"
"1370", "7mobile", "", "brand.png", "", "7mobile"
"1371", "bleck", "", "brand.png", "", "BLECK"
"1372", "cello", "", "brand.png", "", "Cello"
"1373", "datsun", "", "brand.png", "", "Datsun"
"1374", "f2_mobile", "", "brand.png", "", "F2 Mobile"
"1375", "geecoo", "", "brand.png", "", "Geecoo"
"1376", "hyundai_maestro", "http://www.hyundai-maestro.com/", "hyundai-maestro.png", "", "HYUNDAI-MAESTRO"
"1377", "m-horse", "http://www.mhorse.com/", "mhorse.png", "", "M-Horse"
"1378", "maxis", "", "brand.png", "", "Maxis"
"1379", "mintt", "", "brand.png", "", "Mintt"
"1380", "mode1", "", "brand.png", "", "Mode1"
"1382", "prime", "", "brand.png", "", "Prime"
"1383", "rinno", "", "brand.png", "", "Rinno"
"1385", "sanaeko", "", "brand.png", "", "Sanaeko"
"1386", "shelby", "", "brand.png", "", "Shelby"
"1387", "singtech", "", "brand.png", "", "Singtech"
"1388", "smart", "", "brand.png", "", "Smart"
"1389", "tech_4u", "", "brand.png", "", "Tech 4u"
"1390", "telemor", "", "brand.png", "", "Telemor"
"1391", "wigor", "", "brand.png", "", "Wigor"
"1392", "winmax", "", "brand.png", "", "Winmax"
"1394", "ibrit", "", "brand.png", "", "iBRIT"
"1395", "intelkom", "", "brand.png", "", "intelkom"
"1396", "eko", "http://www.eko-mobile.com/", "eko.png", "", "EKO"
"1397", "legacy", "", "brand.png", "", "Legacy"
"1398", "spc", "https://www.spc-universe.com/", "spc.png", "", "SPC"
"1399", "assistant", "http://www.tiwell.com/", "brand.png", "", "Assistant"
"1400", "vios", "", "brand.png", "", "VIOS"
"1401", "iswag", "http://iswagmobile.com/", "brand.png", "", "iSWAG"
"1402", "agm", "http://www.agmmobile.com/", "agm.png", "", "AGM"
"1403", "qiku", "http://www.qiku.com/", "brand.png", "", "QiKU"
"1404", "twz", "https://www.twz.co.th/", "brand.png", "", "TWZ"
"1405", "dpa", "", "brand.png", "", "DPA"
"1406", "amigoo", "", "brand.png", "", "Amigoo"
"1407", "onix", "http://onixsmartphones.es/", "brand.png", "", "ONIX"
"1408", "mywigo", "http://www.mywigo.com/", "mywigo.png", "", "MYWIGO"
"1409", "mygica", "http://www.mygica.com/", "mygica.png", "", "MyGica"
"1410", "pcbox", "https://www.pcboxargentina.com.ar/", "pcbox.png", "", "PCBOX"
"1411", "swisscom", "https://www.swisscom.ch/", "swisscom.png", "", "Swisscom"
"1412", "tivo", "https://www.tivo.com/", "tivo.png", "", "TiVo"
"1413", "daxian", "", "brand.png", "", "DAXIAN"
